-- MySQL dump 10.13  Distrib 8.0.43, for Win64 (x86_64)
--
-- Host: localhost    Database: jobapp_db
-- ------------------------------------------------------
-- Server version	8.0.43

/*!40101 SET @OLD_CHARACTER_SET_CLIENT=@@CHARACTER_SET_CLIENT */;
/*!40101 SET @OLD_CHARACTER_SET_RESULTS=@@CHARACTER_SET_RESULTS */;
/*!40101 SET @OLD_COLLATION_CONNECTION=@@COLLATION_CONNECTION */;
/*!50503 SET NAMES utf8 */;
/*!40103 SET @OLD_TIME_ZONE=@@TIME_ZONE */;
/*!40103 SET TIME_ZONE='+00:00' */;
/*!40014 SET @OLD_UNIQUE_CHECKS=@@UNIQUE_CHECKS, UNIQUE_CHECKS=0 */;
/*!40014 SET @OLD_FOREIGN_KEY_CHECKS=@@FOREIGN_KEY_CHECKS, FOREIGN_KEY_CHECKS=0 */;
/*!40101 SET @OLD_SQL_MODE=@@SQL_MODE, SQL_MODE='NO_AUTO_VALUE_ON_ZERO' */;
/*!40111 SET @OLD_SQL_NOTES=@@SQL_NOTES, SQL_NOTES=0 */;

--
-- Table structure for table `candidate`
--

DROP TABLE IF EXISTS `candidate`;
/*!40101 SET @saved_cs_client     = @@character_set_client */;
/*!50503 SET character_set_client = utf8mb4 */;
CREATE TABLE `candidate` (
  `id` bigint NOT NULL AUTO_INCREMENT,
  `created_at` datetime(6) DEFAULT NULL,
  `updated_at` datetime(6) DEFAULT NULL,
  `email` varchar(255) DEFAULT NULL,
  `github` varchar(255) DEFAULT NULL,
  `linked_in` varchar(255) DEFAULT NULL,
  `phone` varchar(255) DEFAULT NULL,
  `full_name` varchar(255) NOT NULL,
  PRIMARY KEY (`id`),
  KEY `idx_candidate_email` (`email`)
) ENGINE=InnoDB AUTO_INCREMENT=10 DEFAULT CHARSET=utf8mb4 COLLATE=utf8mb4_0900_ai_ci;
/*!40101 SET character_set_client = @saved_cs_client */;

--
-- Dumping data for table `candidate`
--

LOCK TABLES `candidate` WRITE;
/*!40000 ALTER TABLE `candidate` DISABLE KEYS */;
INSERT INTO `candidate` VALUES (1,'2026-02-03 08:57:29.795339','2026-02-03 08:57:29.795339','mtripode@yahoo.com.ar','https://github.com/cmartintripode','https://linkedin.com/in/carlosmartintripode','000-0000','Carlos Martin Tripode'),(2,'2026-02-10 13:10:46.000000','2026-02-10 13:10:46.000000','maria.tripode@example.com','https://github.com/mtripode','https://linkedin.com/in/mariatripode','+54 9 11 1234 5678','María Tripode'),(3,'2026-02-10 13:10:46.000000','2026-02-10 13:10:46.000000','john.doe@example.com',NULL,'https://linkedin.com/in/johndoe','+1 555-0100','John Doe'),(4,'2026-02-10 13:10:46.000000','2026-02-10 13:10:46.000000','ava.smith@example.com','https://github.com/avasmith',NULL,'+44 7700 900123','Ava Smith'),(5,'2026-02-10 13:10:46.000000','2026-02-10 13:10:46.000000','carlos.lopez@example.com','https://github.com/carlosl','https://linkedin.com/in/carloslopez','+54 9 11 9876 5432','Carlos López'),(6,'2026-02-10 13:10:46.000000','2026-02-10 13:10:46.000000','sofia.martinez@example.com','https://github.com/sofiam',NULL,'+54 9 11 2222 3333','Sofia Martinez'),(7,'2026-02-10 13:10:46.000000','2026-02-10 13:10:46.000000','liam.brown@example.com',NULL,'https://linkedin.com/in/liambrown','+1 555-0200','Liam Brown'),(8,'2026-02-10 13:10:46.000000','2026-02-10 13:10:46.000000','emma.wilson@example.com','https://github.com/emmaw','https://linkedin.com/in/emmawilson','+44 7700 900456','Emma Wilson'),(9,'2026-02-10 13:10:46.000000','2026-02-10 13:10:46.000000','noah.davis@example.com',NULL,NULL,'+1 555-0300','Noah Davis');
/*!40000 ALTER TABLE `candidate` ENABLE KEYS */;
UNLOCK TABLES;

--
-- Table structure for table `company`
--

DROP TABLE IF EXISTS `company`;
/*!40101 SET @saved_cs_client     = @@character_set_client */;
/*!50503 SET character_set_client = utf8mb4 */;
CREATE TABLE `company` (
  `id` bigint NOT NULL AUTO_INCREMENT,
  `created_at` datetime(6) DEFAULT NULL,
  `updated_at` datetime(6) DEFAULT NULL,
  `description` varchar(1000) DEFAULT NULL,
  `name` varchar(255) NOT NULL,
  `website` varchar(255) DEFAULT NULL,
  PRIMARY KEY (`id`),
  UNIQUE KEY `UKniu8sfil2gxywcru9ah3r4ec5` (`name`)
) ENGINE=InnoDB AUTO_INCREMENT=88 DEFAULT CHARSET=utf8mb4 COLLATE=utf8mb4_0900_ai_ci;
/*!40101 SET character_set_client = @saved_cs_client */;

--
-- Dumping data for table `company`
--

LOCK TABLES `company` WRITE;
/*!40000 ALTER TABLE `company` DISABLE KEYS */;
INSERT INTO `company` VALUES (1,'2026-02-03 08:57:29.681485','2026-02-03 08:57:29.681485','','Avenue Code',NULL),(2,'2026-02-03 08:57:29.877500','2026-02-03 08:57:29.877500','','Azumo',NULL),(3,'2026-02-03 08:57:29.930090','2026-02-03 08:57:29.930090','','Baufest',NULL),(4,'2026-02-03 08:57:29.990576','2026-02-03 08:57:29.990576','','Insight Global',NULL),(5,'2026-02-03 08:57:30.067743','2026-02-03 08:57:30.067743','','Bitso',NULL),(6,'2026-02-03 08:57:30.134648','2026-02-03 08:57:30.134648','','encora',NULL),(7,'2026-02-03 08:57:30.190591','2026-02-03 08:57:30.190591','','Chess.com',NULL),(8,'2026-02-03 08:57:30.247162','2026-02-12 20:40:37.586432',NULL,'Chevron',NULL),(9,'2026-02-03 08:57:30.304125','2026-02-03 08:57:30.304125','','GlobalLogic Latinoamérica',NULL),(10,'2026-02-03 08:57:30.363145','2026-02-03 08:57:30.363145','','Coderio',NULL),(11,'2026-02-03 08:57:30.417695','2026-02-03 08:57:30.417695','','Pedidos Ya',NULL),(12,'2026-02-03 08:57:30.471345','2026-02-03 08:57:30.471345','','Default',NULL),(13,'2026-02-03 08:57:30.515818','2026-02-03 08:57:30.515818','','Wikimedia',NULL),(14,'2026-02-03 08:57:30.561095','2026-02-03 08:57:30.561095','','Bolt',NULL),(15,'2026-02-03 08:57:30.609130','2026-02-03 08:57:30.609130','','Altimetrik Mexico',NULL),(16,'2026-02-03 08:57:30.665372','2026-02-03 08:57:30.665372','','ACL',NULL),(17,'2026-02-03 08:57:30.711752','2026-02-03 08:57:30.711752','','Kavak',NULL),(18,'2026-02-03 08:57:30.753248','2026-02-03 08:57:30.753248','','Redstage',NULL),(19,'2026-02-03 08:57:30.798452','2026-02-03 08:57:30.798452','','Red point labs',NULL),(20,'2026-02-03 08:57:30.958975','2026-02-03 08:57:30.958975','','Wordly',NULL),(21,'2026-02-03 08:57:31.004496','2026-02-03 08:57:31.004496','','Aretum',NULL),(22,'2026-02-03 08:57:31.097922','2026-02-03 08:57:31.097922','','Darwoft',NULL),(23,'2026-02-03 08:57:31.143910','2026-02-03 08:57:31.143910','','Interinnova',NULL),(24,'2026-02-03 08:57:31.186662','2026-02-03 08:57:31.186662','','Oracle',NULL),(25,'2026-02-03 08:57:31.233966','2026-02-03 08:57:31.233966','','Codeiro',NULL),(26,'2026-02-03 08:57:31.277613','2026-02-03 08:57:31.277613','','Avenu Code',NULL),(27,'2026-02-03 08:57:31.325163','2026-02-03 08:57:31.325163','','Blink',NULL),(28,'2026-02-03 08:57:31.367958','2026-02-03 08:57:31.367958','','Bonzu',NULL),(29,'2026-02-03 08:57:31.412841','2026-02-03 08:57:31.412841','','AYIGROUP',NULL),(30,'2026-02-03 08:57:31.491652','2026-02-03 08:57:31.491652','','FusionHit',NULL),(31,'2026-02-03 08:57:31.551176','2026-02-03 08:57:31.551176','','Workia',NULL),(32,'2026-02-03 08:57:31.634916','2026-02-03 08:57:31.634916','','mibucle',NULL),(33,'2026-02-03 08:57:31.685906','2026-02-03 08:57:31.685906','','Aditi Latam',NULL),(34,'2026-02-03 08:57:31.740169','2026-02-03 08:57:31.740169','','Quid',NULL),(35,'2026-02-03 08:57:31.789317','2026-02-03 08:57:31.789317','','Ascendion',NULL),(36,'2026-02-03 08:57:31.834310','2026-02-03 08:57:31.834310','','Altimetrik',NULL),(37,'2026-02-03 08:57:31.875660','2026-02-03 08:57:31.875660','','Tek Tron It',NULL),(38,'2026-02-03 08:57:31.996299','2026-02-03 08:57:31.996299','','Sporty Group',NULL),(39,'2026-02-03 08:57:32.084617','2026-02-03 08:57:32.084617','','Tekton',NULL),(40,'2026-02-03 08:57:32.125478','2026-02-03 08:57:32.125478','','D&H',NULL),(41,'2026-02-03 08:57:32.160426','2026-02-03 08:57:32.160426','','Dice',NULL),(42,'2026-02-03 08:57:32.324074','2026-02-03 08:57:32.324074','','Varicent',NULL),(43,'2026-02-03 08:57:32.357025','2026-02-03 08:57:32.357025','','Ingeniose',NULL),(44,'2026-02-03 08:57:32.396329','2026-02-03 08:57:32.396329','','TuLoreto',NULL),(45,'2026-02-03 08:57:32.429372','2026-02-03 08:57:32.429372','','Softek',NULL),(46,'2026-02-03 08:57:32.497895','2026-02-03 08:57:32.497895','','Indi',NULL),(47,'2026-02-03 08:57:32.534343','2026-02-03 08:57:32.534343','','CodeRoad',NULL),(48,'2026-02-03 08:57:32.563745','2026-02-03 08:57:32.563745','','South',NULL),(49,'2026-02-03 08:57:32.597061','2026-02-03 08:57:32.597061','','rockwellar',NULL),(50,'2026-02-03 08:57:32.630099','2026-02-03 08:57:32.630099','','Avenga',NULL),(51,'2026-02-03 08:57:32.664447','2026-02-03 08:57:32.664447','','Motivius',NULL),(52,'2026-02-03 08:57:32.722295','2026-02-03 08:57:32.722295','','latamcent',NULL),(53,'2026-02-03 08:57:32.754668','2026-02-03 08:57:32.754668','','Crossmint',NULL),(54,'2026-02-03 08:57:32.790057','2026-02-03 08:57:32.790057','','GlobalLogic',NULL),(55,'2026-02-03 08:57:32.822537','2026-02-03 08:57:32.822537','','UST',NULL),(56,'2026-02-03 08:57:32.856311','2026-02-03 08:57:32.856311','','Ampstek',NULL),(57,'2026-02-03 08:57:32.890772','2026-02-03 08:57:32.890772','','CodeRoad Inc',NULL),(58,'2026-02-03 08:57:32.924888','2026-02-03 08:57:32.924888','','Cloudbeds',NULL),(59,'2026-02-03 08:57:33.009151','2026-02-03 08:57:33.009151','','DRISHTICON Inc',NULL),(60,'2026-02-03 08:57:33.039559','2026-02-03 08:57:33.039559','','NLB',NULL),(61,'2026-02-03 08:57:33.070823','2026-02-03 08:57:33.070823','','IBM',NULL),(62,'2026-02-03 08:57:33.102648','2026-02-03 08:57:33.102648','','Enapsys',NULL),(63,'2026-02-03 08:57:33.133286','2026-02-03 08:57:33.133286','','Infovision',NULL),(64,'2026-02-03 08:57:33.162887','2026-02-03 08:57:33.162887','','n2s',NULL),(65,'2026-02-03 08:57:33.220587','2026-02-03 08:57:33.220587','','EPAM',NULL),(66,'2026-02-03 08:57:33.251588','2026-02-03 08:57:33.251588','','Luxoft',NULL),(67,'2026-02-03 08:57:33.282685','2026-02-03 08:57:33.282685','','Wimmer',NULL),(68,'2026-02-03 08:57:33.314076','2026-02-03 08:57:33.314076','','Persistent',NULL),(69,'2026-02-03 08:57:33.347005','2026-02-03 08:57:33.347005','','AMISEQ',NULL),(70,'2026-02-03 08:57:33.379892','2026-02-03 08:57:33.379892','','Samay',NULL),(71,'2026-02-03 08:57:33.478561','2026-02-03 08:57:33.478561','','KAnand Corporation',NULL),(72,'2026-02-03 08:57:33.539693','2026-02-03 08:57:33.539693','','Perficient',NULL),(73,'2026-02-03 08:57:33.582551','2026-02-03 08:57:33.582551','','Fast Dolphin',NULL),(74,'2026-02-03 08:57:33.614089','2026-02-03 08:57:33.614089','','AgileEngine',NULL),(75,'2026-02-03 08:57:33.646907','2026-02-03 08:57:33.646907','','Vortech PCI Group',NULL),(76,'2026-02-03 08:57:33.680542','2026-02-03 08:57:33.680542','','neteffects',NULL),(77,'2026-02-03 08:57:33.712717','2026-02-03 08:57:33.712717','','New York Technology Partners',NULL),(78,'2026-02-03 08:57:33.748074','2026-02-03 08:57:33.748074','','Greymatter Innovationz',NULL),(79,'2026-02-05 11:24:14.960777','2026-02-05 11:24:14.960777','','Oowishl',''),(80,'2026-02-10 13:06:12.000000','2026-02-10 13:06:12.000000','Global provider of widgets and solutions.','Acme Corp','https://acme.example.com'),(81,'2026-02-10 13:08:37.000000','2026-02-10 13:08:37.000000','Startup focused on cloud-native developer tools.','TechNova','https://technova.example.com'),(82,'2026-02-10 13:08:37.000000','2026-02-10 13:08:37.000000','Fintech company specialized in payments.','FinEdge',NULL),(83,'2026-02-10 13:08:37.000000','2026-02-10 13:08:37.000000','Analytics and ML platform.','DataWave','https://datawave.example.com'),(84,'2026-02-10 13:08:37.000000','2026-02-10 13:08:37.000000','Cloud infra and devops services.','CloudForge','https://cloudforge.example.com'),(85,'2026-02-10 13:08:37.000000','2026-02-10 13:08:37.000000','SaaS for sustainability reporting.','GreenSoft',NULL),(86,'2026-02-10 13:08:37.000000','2026-02-10 13:08:37.000000','Ecommerce platform and integrations.','RetailX','https://retailx.example.com'),(87,'2026-02-10 13:08:37.000000','2026-02-10 13:08:37.000000','Digital health solutions.','HealthPlus','https://healthplus.example.com');
/*!40000 ALTER TABLE `company` ENABLE KEYS */;
UNLOCK TABLES;

--
-- Table structure for table `interview`
--

DROP TABLE IF EXISTS `interview`;
/*!40101 SET @saved_cs_client     = @@character_set_client */;
/*!50503 SET character_set_client = utf8mb4 */;
CREATE TABLE `interview` (
  `id` bigint NOT NULL AUTO_INCREMENT,
  `created_at` datetime(6) DEFAULT NULL,
  `updated_at` datetime(6) DEFAULT NULL,
  `feedback` varchar(1000) DEFAULT NULL,
  `scheduled_at` datetime(6) NOT NULL,
  `type` enum('HR','ONLINE','ONSITE','PHONE','TECHNICAL','VIDEO') NOT NULL,
  `application_id` bigint NOT NULL,
  PRIMARY KEY (`id`),
  KEY `FK5j68wb5lp37s0io99tdlhpctp` (`application_id`),
  CONSTRAINT `FK5j68wb5lp37s0io99tdlhpctp` FOREIGN KEY (`application_id`) REFERENCES `job_application` (`id`)
) ENGINE=InnoDB AUTO_INCREMENT=27 DEFAULT CHARSET=utf8mb4 COLLATE=utf8mb4_0900_ai_ci;
/*!40101 SET character_set_client = @saved_cs_client */;

--
-- Dumping data for table `interview`
--

LOCK TABLES `interview` WRITE;
/*!40000 ALTER TABLE `interview` DISABLE KEYS */;
INSERT INTO `interview` VALUES (1,'2026-02-03 09:59:16.059861','2026-02-03 09:59:22.437977','Advance','2026-01-28 19:00:00.000000','HR',76),(2,'2026-02-03 10:00:24.150717','2026-02-03 10:00:24.150717','Bad, not advance','2026-02-02 05:00:00.000000','TECHNICAL',76),(3,'2026-02-03 10:05:40.696952','2026-02-03 10:05:40.696952','bad','2026-01-06 16:00:00.000000','HR',56),(7,'2026-02-05 11:32:42.799556','2026-02-05 11:32:42.799556','phone interview','2026-02-04 15:00:00.000000','PHONE',93),(8,'2026-02-05 11:33:01.050539','2026-02-05 11:33:01.050539','video interview','2026-02-04 18:00:00.000000','VIDEO',93),(9,'2026-02-05 12:21:13.673930','2026-02-05 12:21:13.673930','entrevista tecnica','2026-02-10 15:00:00.000000','TECHNICAL',93),(10,'2026-02-05 12:43:33.300071','2026-02-05 12:43:33.300071','another tecnical to test the app','2026-02-06 17:50:00.000000','TECHNICAL',93),(11,'2026-02-10 13:10:46.000000','2026-02-10 13:10:46.000000','Good technical discussion; follow-up requested.','2024-11-10 15:30:00.000000','VIDEO',103),(12,'2026-02-10 13:10:46.000000','2026-02-10 13:10:46.000000','Strong algorithmic skills.','2024-11-12 10:00:00.000000','TECHNICAL',102),(13,'2026-02-10 13:10:46.000000','2026-02-10 13:10:46.000000','Cultural fit looks good.','2024-11-20 09:00:00.000000','HR',105),(14,'2026-02-10 13:10:46.000000','2026-02-10 13:10:46.000000','Initial screening, ok to proceed.','2024-10-15 11:00:00.000000','PHONE',106),(15,'2026-02-10 13:15:39.000000','2026-02-10 13:15:39.000000','Strong algorithms and system design.','2024-11-05 10:00:00.000000','TECHNICAL',105),(16,'2026-02-10 13:15:39.000000','2026-02-10 13:15:39.000000','Good communication; ask for portfolio.','2024-11-06 14:30:00.000000','VIDEO',18),(17,'2026-02-10 13:15:39.000000','2026-02-10 13:15:39.000000','Initial screening: proceed to technical.','2024-11-07 09:00:00.000000','PHONE',2),(18,'2026-02-10 13:15:39.000000','2026-02-10 13:15:39.000000','Cultural fit looks promising.','2024-11-08 11:30:00.000000','HR',32),(19,'2026-02-10 13:15:39.000000','2026-02-10 13:15:39.000000','Pair-programming session scheduled.','2024-11-09 16:00:00.000000','ONLINE',85),(20,'2026-02-10 13:15:39.000000','2026-02-10 13:15:39.000000','Onsite technical loop planned.','2024-11-11 10:30:00.000000','ONSITE',30),(21,'2026-02-10 13:15:39.000000','2026-02-10 13:15:39.000000','Deep dive on architecture.','2024-11-13 15:00:00.000000','TECHNICAL',79),(22,'2026-02-10 13:15:39.000000','2026-02-10 13:15:39.000000','Strong problem solving; follow-up task.','2024-11-14 09:30:00.000000','VIDEO',73),(23,'2026-02-10 13:15:39.000000','2026-02-10 13:15:39.000000','Clarify experience with cloud infra.','2024-11-16 13:00:00.000000','PHONE',82),(24,'2026-02-10 13:15:39.000000','2026-02-10 13:15:39.000000','Compensation expectations discussed.','2024-11-17 11:00:00.000000','HR',89),(25,'2026-02-10 13:15:39.000000','2026-02-10 13:15:39.000000','Good coding style; small take-home.','2024-11-19 10:00:00.000000','TECHNICAL',68),(26,'2026-02-10 13:15:39.000000','2026-02-10 13:15:39.000000','Final interview with hiring manager.','2024-11-21 14:00:00.000000','VIDEO',56);
/*!40000 ALTER TABLE `interview` ENABLE KEYS */;
UNLOCK TABLES;

--
-- Table structure for table `job_application`
--

DROP TABLE IF EXISTS `job_application`;
/*!40101 SET @saved_cs_client     = @@character_set_client */;
/*!50503 SET character_set_client = utf8mb4 */;
CREATE TABLE `job_application` (
  `id` bigint NOT NULL AUTO_INCREMENT,
  `created_at` datetime(6) DEFAULT NULL,
  `updated_at` datetime(6) DEFAULT NULL,
  `date_applied` date DEFAULT NULL,
  `date_rejected` date DEFAULT NULL,
  `description` varchar(255) DEFAULT NULL,
  `job_id` varchar(100) NOT NULL,
  `source_link` varchar(255) NOT NULL,
  `status` enum('APPLIED','HIRED','INTERVIEWED','INTERVIEW_SCHEDULED','OFFERED','REJECTED') NOT NULL,
  `website_source` varchar(1500) DEFAULT NULL,
  `candidate_id` bigint NOT NULL,
  `company_id` bigint NOT NULL,
  `position_id` bigint NOT NULL,
  PRIMARY KEY (`id`),
  UNIQUE KEY `UKnor67f2tt61ukxh8xxiw9mvvd` (`job_id`),
  KEY `FKgq7rbq1q2388owxysfur67tfh` (`candidate_id`),
  KEY `FKpk9sxfmuagscxttppfukwd2pq` (`company_id`),
  KEY `FKj2lswxugyi2gfxsh1tqv585kj` (`position_id`),
  CONSTRAINT `FKgq7rbq1q2388owxysfur67tfh` FOREIGN KEY (`candidate_id`) REFERENCES `candidate` (`id`),
  CONSTRAINT `FKj2lswxugyi2gfxsh1tqv585kj` FOREIGN KEY (`position_id`) REFERENCES `position` (`id`),
  CONSTRAINT `FKpk9sxfmuagscxttppfukwd2pq` FOREIGN KEY (`company_id`) REFERENCES `company` (`id`)
) ENGINE=InnoDB AUTO_INCREMENT=109 DEFAULT CHARSET=utf8mb4 COLLATE=utf8mb4_0900_ai_ci;
/*!40101 SET character_set_client = @saved_cs_client */;

--
-- Dumping data for table `job_application`
--

LOCK TABLES `job_application` WRITE;
/*!40000 ALTER TABLE `job_application` DISABLE KEYS */;
INSERT INTO `job_application` VALUES (1,'2026-02-03 08:57:29.824992','2026-02-03 08:57:29.824992','2025-04-08','2025-07-08','We are looking for a skilled Senior Java Engineer with a strong background in Java, Microservices, and team leadership to drive our projects forward. Ready to take the next step in your career? Join us!','JobID1','Linkedin','REJECTED','https://www.linkedin.com/jobs/view/4255564684/?trackingId=hGVQ6JKsQaqEHvwENfv%2B4w%3D%3D&refId=TY9Nz7qLSTOMyavc6AnHUg%3D%3D&midToken=AQHkiFkITmMP4Q&midSig=0z44b0Ltxp9rU1&trk=eml-email_application_confirmation_with_nba_01-applied_jobs-0-jobcard_body&trkEmail=eml-email_application_confirmation_with_nba_01-applied_jobs-0-jobcard_body-null-r1s2v~mdx725h2~9o-null-null&eid=r1s2v-mdx725h2-9o&otpToken=MTYwMDFhZTMxMDI4Y2VjZGJlMmYwMmVmNDIxZGU2YjM4ZmNjZDI0MDljYWU4NTZmNzNjMjA5NjY0ZjU5NWRmM2ZjOTY4MWUzNTVlNmMzZGM0NmMwYmMxYjc0MTgwOTEwZGNjN2FkMjcwNDA3YmY1ZDU0LDEsMQ%3D%3D',1,1,1),(2,'2026-02-03 08:57:29.904920','2026-02-03 09:03:16.363087','2025-04-08','2026-02-03','Java Engineer - Latin America - Remote','JonID2','Linkedin','REJECTED','https://www.linkedin.com/jobs/collections/recommended/?currentJobId=4275398678',1,2,2),(3,'2026-02-03 08:57:29.956640','2026-02-03 09:03:36.150244','2025-05-08','2026-02-03','SSr Java Developer','JonID3','Linkedin','REJECTED','https://www.linkedin.com/jobs/view/4277254611/?refId=Plm7BRgQSdadHVE9DevZBQ%3D%3D&trackingId=EbW7CnQbQLO8C05OM0C6Ng%3D%3D',1,3,3),(4,'2026-02-03 08:57:30.031462','2026-02-03 08:57:30.031462','2025-05-08','2025-08-08','Java Software Engineer','JonID4','Linkedin','REJECTED','https://www.linkedin.com/jobs/view/4279287295/?refId=ByteString(length%3D16%2Cbytes%3Dfb1c1975...9b57a88a)&trackingId=IYN%2BP41AKKBUrzNriABKxQ%3D%3D',1,4,4),(5,'2026-02-03 08:57:30.099992','2026-02-03 08:57:30.099992','2025-06-08','2026-02-03','Senior Java Engineer','JonID5','Linkedin','REJECTED','https://www.linkedin.com/jobs/search/?currentJobId=4081459299&geoId=90010045&keywords=%23remote%20%23java&origin=JOBS_HOME_SEARCH_BUTTON&refresh=true',1,5,5),(6,'2026-02-03 08:57:30.163874','2026-02-03 08:57:30.163874','2025-06-08','2025-08-18','Senior Java Engineer','JonID6','Linkedin','REJECTED','',1,6,6),(7,'2026-02-03 08:57:30.219427','2026-02-03 08:57:30.219427','2026-06-08','2025-11-08','Senior Backend (Java & PHP) Engineer','JonID7','Flexjobs','REJECTED','',1,7,7),(9,'2026-02-03 08:57:30.333415','2026-02-03 09:22:53.433255','2025-07-08','2026-02-03','Senior Java Backend Developer','JonID9','Linkedin','REJECTED','https://www.linkedin.com/jobs/collections/recommended/?currentJobId=4268238894',1,9,9),(10,'2026-02-03 08:57:30.391140','2026-02-03 08:57:30.391140','2025-07-08','2025-08-08','Team Lead Software Engineer (Java)','JonID10','Indeed','REJECTED','https://ar.indeed.com/viewjob?jk=f69f9d8795e517a0&from=apply-conf',1,10,10),(11,'2026-02-03 08:57:30.445554','2026-02-03 08:57:30.445554','2025-07-08','2025-11-08','Sr Software Engineer Backend','JonID11','Indeed','REJECTED','https://ar.indeed.com/viewjob?jk=a5b777072f954695&from=apply-conf',1,11,11),(12,'2026-02-03 08:57:30.494819','2026-02-03 15:29:58.664277','2025-07-08','2026-02-03','MADIFF Polska','JonID12','Himalayas','REJECTED','https://madiffpl.zohorecruit.com/jobs/Careers/300725000043400026?utm_source=himalayas.app&utm_medium=himalayas.app&utm_campaign=himalayas.app&ref=himalayas.app&source=himalayas.app',1,12,12),(13,'2026-02-03 08:57:30.537884','2026-02-03 09:28:00.072694','2025-07-08','2026-02-03','Senior Software Engineer - Trust & Safety','JonID13','Flexjobs','REJECTED','https://www.flexjobs.com/hostedjob.aspx?id=43ef24b0-4cb3-4d3e-8971-b6329f38dce7',1,13,13),(14,'2026-02-03 08:57:30.582456','2026-02-03 15:29:58.665299','2025-07-08','2026-02-03','Senior Software Engineer - Tier I','JonID14','Flexjobs','REJECTED','https://www.flexjobs.com/hostedjob.aspx?id=04b48ef2-b917-48e6-b651-03f031a90a8e',1,14,14),(15,'2026-02-03 08:57:30.638685','2026-02-03 08:57:30.638685','2025-07-08','2025-11-08','Sr. Java Developer','JonID15','Linkedin','REJECTED','https://www.linkedin.com/jobs/search/?currentJobId=4281420196&geoId=90010045&keywords=%23java&origin=JOBS_HOME_SEARCH_BUTTON&refresh=true',1,15,15),(16,'2026-02-03 08:57:30.692723','2026-02-03 15:29:58.726736','2025-07-08','2026-02-03','Desarrolador Backend Semi Senior','JonID16','Linkedin','REJECTED','https://www.linkedin.com/comm/jobs/view/4281662192/?trackingId=oC54KNHDTcO1Ao9rhkU%2B6w%3D%3D&refId=MIuqV3BHSY6d4cwHsr0Fvg%3D%3D&lipi=urn%3Ali%3Apage%3Aemail_email_application_confirmation_with_nba_01%3BdcKXcQlGSOm%2BlmfYOEKreA%3D%3D&midToken=AQHkiFkITmMP4Q&midSig=0PD3kUr8n4ebU1&trk=eml-email_application_confirmation_with_nba_01-applied_jobs-0-jobcard_body&trkEmail=eml-email_application_confirmation_with_nba_01-applied_jobs-0-jobcard_body-null-r1s2v~me24o29r~9i-null-null&eid=r1s2v-me24o29r-9i&otpToken=MTYwMDFhZTMxMDI4Y2VjZGJlMmYwMmVmNDIxOGU2YjE4Y2NkZDY0NTlhYWM4NTZmNzNjMjA5NjY0ZjU5NWRmM2ZjYjBiZmJhNzFjM2Q5ZTMwMzQwMDFmZGI5OWRjZjRmZWUxYzZhMDM1YzMwOTM2NzI2LDEsMQ%3D%3D',1,16,16),(17,'2026-02-03 08:57:30.733886','2026-02-03 08:57:30.733886','2025-07-08','2026-02-03','Senior Backend Developer','JonID17','Linkedin','REJECTED','https://www.linkedin.com/comm/jobs/view/4265452174/?trackingId=TwW8KTPxSrK2kV77FEzPJA%3D%3D&refId=A5DQNBoARTqgQWfvq8Rn4Q%3D%3D&lipi=urn%3Ali%3Apage%3Aemail_email_application_confirmation_with_nba_01%3BLr9nlLDZSCOQDt6UwTMUrw%3D%3D&midToken=AQHkiFkITmMP4Q&midSig=04tMEVOxP7ebU1&trk=eml-email_application_confirmation_with_nba_01-applied_jobs-0-jobcard_body&trkEmail=eml-email_application_confirmation_with_nba_01-applied_jobs-0-jobcard_body-null-r1s2v~me24rras~4l-null-null&eid=r1s2v-me24rras-4l&otpToken=MTYwMDFhZTMxMDI4Y2VjZGJlMmYwMmVmNDIxOGU2YjE4YWNlZDg0OTliYTk4NTZmNzNjMjA5NjY0ZjU5NWRmM2ZjOGJiZGI2NDRlN2RjODkwZmM2MjgxZjZhMzc1MmJiODUwZWEzZTEyNzcxZjI1MTVkLDEsMQ%3D%3D',1,17,17),(18,'2026-02-03 08:57:30.775726','2026-02-03 15:29:58.743361','2025-09-08','2026-02-03','Magento Developer Argentina remotly','JonID18','Indeed','REJECTED','https://apply.indeed.com/indeedapply/confirmemail/viewjob?iaUid=1j27jefjhgbil801&apiToken=85722078cef7ba1c62a2546f02f0e6e95e9dc527172c3a1bf6efbc39884226fb&next=https%3A%2F%2Far.indeed.com%2Fviewjob%3Fjk%3Dd0494dcbe07e384b',1,18,18),(19,'2026-02-03 08:57:30.823002','2026-02-03 15:29:58.755765','2025-09-08','2026-02-03','Java Backend Developer','JonID19','Indeed','REJECTED','https://apply.indeed.com/indeedapply/confirmemail/viewjob?iaUid=1j27jtgcagbil801&apiToken=85722078cef7ba1c62a2546f02f0e6e95e9dc527172c3a1bf6efbc39884226fb&next=https%3A%2F%2Far.indeed.com%2Fviewjob%3Fjk%3Dd129a5c877736899',1,19,19),(20,'2026-02-03 08:57:30.858273','2026-02-03 15:29:58.767874','2025-08-13','2026-02-03','Go Land position','JonID20','Workana','REJECTED','https://www.workana.com/es/talent/job-positions/11f06701-c0c3-c12f-b9d0-42010af00028?type=all',1,12,20),(21,'2026-02-03 08:57:30.893346','2026-02-03 15:29:58.786053','2025-08-14','2026-02-03','Ingeniero de Software','JonID21','Rysconnect.io','REJECTED','https://www.rysconnect.io/job-description/2da95e18-dc9e-4a8e-b5dc-660f082ac0d7',1,12,21),(22,'2026-02-03 08:57:30.936072','2026-02-03 15:29:58.798304','2025-08-14','2026-02-03','Hybris','JonID22','www.signetcareers.com','REJECTED','',1,12,22),(23,'2026-02-03 08:57:30.983740','2026-02-03 15:29:58.815071','2025-08-14','2026-02-03','Senior Bacend Engineer','JonID23','Flexjobs','REJECTED','',1,20,23),(24,'2026-02-03 08:57:31.029609','2026-02-03 15:29:58.827970','2025-08-14','2026-02-03','Senior Java Developer','JonID24','Flexjobs','REJECTED','',1,21,24),(25,'2026-02-03 08:57:31.070347','2026-02-03 15:29:58.840828','2025-08-14','2026-02-03','Senior Java Engineer','JonID25','linkedin','REJECTED','https://careers.encora.com/application?4816558007&gh_jid=4816558007&gh_src=osf0zted7us',1,12,25),(26,'2026-02-03 08:57:31.125357','2026-02-03 08:57:31.125357','2025-08-16','2026-02-03','Senior Backend Developer','JonID26','linkedin','REJECTED','',1,22,26),(27,'2026-02-03 08:57:31.166194','2026-02-03 15:29:58.860345','2025-08-16','2026-02-03','Java Backend Developer Senior (Full-Remoto)','JonID27','linkedin','REJECTED','https://interinnovacion-talent.freshteam.com/jobs/3yykQbHJWiyJ/java-backend-developer-senior-full-remoto?ft_source=5000491357&ft_medium=5000439447',1,23,27),(28,'2026-02-03 08:57:31.212913','2026-02-03 15:29:58.883421','2025-08-17','2026-02-03','Senior Java Developer','JonID28','linkedin','REJECTED','https://eeho.fa.us2.oraclecloud.com/hcmUI/CandidateExperience/en/sites/jobsearch/my-profile',1,24,28),(29,'2026-02-03 08:57:31.257257','2026-02-03 08:57:31.257257','2025-08-26','2026-02-03','Software Engineer Sr. (Java) Coderio · Cordoba (Remot','JonID29','linkedin','REJECTED','https://www.linkedin.com/comm/jobs/view/4289120086/?trackingId=xJLJtm8LQ7WXktIHyThMQA%3D%3D&refId=aLtxmgJhR0CnWOo88LV%2FpA%3D%3D&lipi=urn%3Ali%3Apage%3Aemail_email_application_confirmation_with_nba_01%3B4Q087RXGQUWcPfSUG8I8vQ%3D%3D&midToken=AQHkiFkITmMP4Q&midSig=2JUrG_AloSErU1&trk=eml-email_application_confirmation_with_nba_01-applied_jobs-0-jobcard_body&trkEmail=eml-email_application_confirmation_with_nba_01-applied_jobs-0-jobcard_body-null-r1s2v~mesnsivd~jx-null-null&eid=r1s2v-mesnsivd-jx&otpToken=MTYwMDFhZTMxMDI4Y2VjZGJlMmYwMmVmNDAxY2U2YmQ4YWM5ZDc0OTlmYWI4NTZmNzNjMjA5NjY0ZjU5NWRmM2ZjYmY5NGI0NjViMWMwZDY1MTJkOGE1NjY3ZWEyZjgyYTY5OGFmNWQ4NmY0MmRmY2Y4LDEsMQ%3D%3D',1,25,29),(30,'2026-02-03 08:57:31.303442','2026-02-03 15:29:58.904405','2025-08-26','2026-02-03','Senior Java Engineer','JonID30','linkedin','REJECTED','https://www.linkedin.com/comm/jobs/view/4288082324/?trackingId=9qdqsmiXQaOnDqQJxTdJpQ%3D%3D&refId=RWd8JUngTcipGS4koliZyw%3D%3D&lipi=urn%3Ali%3Apage%3Aemail_email_application_confirmation_with_nba_01%3B6OYXGJAzRFajcI8dozUPig%3D%3D&midToken=AQHkiFkITmMP4Q&midSig=0NFMkXNoQYErU1&trk=eml-email_application_confirmation_with_nba_01-applied_jobs-0-jobcard_body&trkEmail=eml-email_application_confirmation_with_nba_01-applied_jobs-0-jobcard_body-null-r1s2v~meso0ry2~83-null-null&eid=r1s2v-meso0ry2-83&otpToken=MTYwMDFhZTMxMDI4Y2VjZGJlMmYwMmVmNDAxY2U2YmQ4NmM5ZDU0OTllYTY4NTZmNzNjMjA5NjY0ZjU5NWRmM2ZjYTg5MmU3NzdmMmU0ZGI3NzAxMDRkZTFjYjEyNTI3YTUyNGE3ZDc1ODZiMmYxNTUwLDEsMQ%3D%3D',1,26,30),(31,'2026-02-03 08:57:31.346340','2026-02-03 08:57:31.346340','2025-03-09','2026-02-03','Desarrolador Java','JonID31','linkedin','REJECTED','https://www.linkedin.com/comm/jobs/view/4292776868/?trackingId=7oNNuMamSguTiwXnnsjZZA%3D%3D&refId=CCM69oG3SHOmJWqDKdoj3w%3D%3D&lipi=urn%3Ali%3Apage%3Aemail_email_application_confirmation_with_nba_01%3BxaXsYzRzRMO14TXzFgJ40w%3D%3D&midToken=AQHkiFkITmMP4Q&midSig=1Hdjmz9rHjPHU1&trk=eml-email_application_confirmation_with_nba_01-applied_jobs-0-jobcard_body&trkEmail=eml-email_application_confirmation_with_nba_01-applied_jobs-0-jobcard_body-null-r1s2v~mf48u8zf~7f-null-null&eid=r1s2v-mf48u8zf-7f&otpToken=MTYwMDFhZTMxMDI4Y2VjZGJlMmYwMmVmNDAxN2U1YjQ4ZWM3ZDM0NTk5YWE4NTZmNzNjMjA5NjY0ZjU5NWRmM2ZjZDQ5MWI2NDFlZGQxZDM1Y2RkMmMzNTQ1NDk2MzNlYTNhZGYwZmVkZjg5N2I5MjBkLDEsMQ%3D%3D',1,27,31),(32,'2026-02-03 08:57:31.390500','2026-02-03 08:57:31.390500','2025-03-09','2026-02-03','Java Software Engineer','JonID32','linkedin','REJECTED','https://www.linkedin.com/comm/jobs/view/4294141832/?trackingId=in0LTeDBSJiHTICEPhfxsQ%3D%3D&refId=LKjBHTH2TcGj%2FvECKJhcSw%3D%3D&lipi=urn%3Ali%3Apage%3Aemail_email_application_confirmation_with_nba_01%3Bj9eYL%2BwISzaYweElsHjOJg%3D%3D&midToken=AQHkiFkITmMP4Q&midSig=0X9MbWffzfPHU1&trk=eml-email_application_confirmation_with_nba_01-applied_jobs-0-jobcard_body&trkEmail=eml-email_application_confirmation_with_nba_01-applied_jobs-0-jobcard_body-null-r1s2v~mf48sn7i~x7-null-null&eid=r1s2v-mf48sn7i-x7&otpToken=MTYwMDFhZTMxMDI4Y2VjZGJlMmYwMmVmNDAxN2U2YmQ4NmM2ZDM0MjlhYTY4NTZmNzNjMjA5NjY0ZjU5NWRmM2ZjYTBkZGEyNTRiMGYxZmU0MWZkZWE1Mzc5MjNmYzAwMGE5MGE0ZWI3N2U1ZTJhM2RiLDEsMQ%3D%3D',1,28,32),(33,'2026-02-03 08:57:31.436619','2026-02-03 15:29:58.942714','2025-06-09','2026-02-03','Backend dev java senior','JonID33','linkedin','REJECTED','https://www.linkedin.com/comm/jobs/view/4295922746/?trackingId=N7Z4HOf0RTuJuOEUOdPKjQ%3D%3D&refId=7S6RXuz3Q%2BqRa1YBzxjhrQ%3D%3D&lipi=urn%3Ali%3Apage%3Aemail_email_application_confirmation_with_nba_01%3BTTlKro2tRU2%2BMmRPiXMVOQ%3D%3D&midToken=AQHkiFkITmMP4Q&midSig=1v7cPau_hOTXU1&trk=eml-email_application_confirmation_with_nba_01-applied_jobs-0-jobcard_body&trkEmail=eml-email_application_confirmation_with_nba_01-applied_jobs-0-jobcard_body-null-r1s2v~mf8gwzqn~o0-null-null&eid=r1s2v-mf8gwzqn-o0&otpToken=MTYwMDFhZTMxMDI4Y2VjZGJlMmYwMmVmNDExZmUwYjE4YmM2ZDc0OTlkYWU4NTZmNzNjMjA5NjY0ZjU5NWRmM2ZjZGM4NjkyNGNjMWVjZTA1NWY3MTMyNjA5YzFmNWY5ZWI5OTRiMjM5ZDVjYjc0OWI5LDEsMQ%3D%3D',1,29,33),(34,'2026-02-03 08:57:31.526601','2026-02-03 12:54:34.133366','2025-06-09','2026-02-03','Sap hybris eccomerce','JonID34','linkedin','REJECTED','https://fusionhitjobs.workable.com/jobs/5120388',1,30,34),(35,'2026-02-03 08:57:31.601464','2026-02-03 08:57:31.601464','2025-10-09','2025-09-14','Sr Software Engineer Backend','JonID35','linkedin','REJECTED','https://www.linkedin.com/comm/jobs/view/4296754599/?trackingId=Zbzoo7QsSrqHeeXf2l2F8A%3D%3D&refId=rSl9cwIsTu60vqdEtPe9Ew%3D%3D&lipi=urn%3Ali%3Apage%3Aemail_email_application_confirmation_with_nba_01%3BGR4trIyjRGyCJZKuQSX5lA%3D%3D&midToken=AQHkiFkITmMP4Q&midSig=2HniJKfBkmZHU1&trk=eml-email_application_confirmation_with_nba_01-applied_jobs-0-jobcard_body&trkEmail=eml-email_application_confirmation_with_nba_01-applied_jobs-0-jobcard_body-null-r1s2v~mfe7rx6c~xk-null-null&eid=r1s2v-mfe7rx6c-xk&otpToken=MTYwMDFhZTMxMDI4Y2VjZGJlMmYwMmVmNDExYmU1Yjc4ZGM5ZDg0NTlhYWQ4NTZmNzNjMjA5NjY0ZjU5NWRmM2ZjOWRhZWIwNGJjZWI5ZjA3ZDE2NjM4NjU0ODAwYmM5Yjc3YTBiNWM0MzVmMzQzY2Q4LDEsMQ%3D%3D',1,31,35),(36,'2026-02-03 08:57:31.660116','2026-02-03 15:29:58.954045','2025-10-09','2026-02-03','Java Developer Senior','JonID36','linkedin','REJECTED','https://www.linkedin.com/comm/jobs/view/4295897964/?trackingId=IT%2F0GhfEQGWCSVy5Qvu9Bg%3D%3D&refId=koiXs9sNSyO4hhu8FMvg9Q%3D%3D&lipi=urn%3Ali%3Apage%3Aemail_email_application_confirmation_with_nba_01%3BcTrOVRXAQtygyTBMfPKRIA%3D%3D&midToken=AQHkiFkITmMP4Q&midSig=04OlT_rhwiZHU1&trk=eml-email_application_confirmation_with_nba_01-applied_jobs-0-jobcard_body&trkEmail=eml-email_application_confirmation_with_nba_01-applied_jobs-0-jobcard_body-null-r1s2v~mfe7tq18~m4-null-null&eid=r1s2v-mfe7tq18-m4&otpToken=MTYwMDFhZTMxMDI4Y2VjZGJlMmYwMmVmNDExYmU1Yjc4ZmNkZDU0MDljYWU4NTZmNzNjMjA5NjY0ZjU5NWRmM2ZjYjFkNWE3NzFlOWUyODQ1NzZlNDgzNzlmY2ZlODBjYTMzMmYxMWNhYTZmMTdiMDI2LDEsMQ%3D%3D',1,32,36),(37,'2026-02-03 08:57:31.716204','2026-02-03 15:29:58.966930','2025-12-09','2026-02-03','Sr Java Backend','JonID37','linkedin','REJECTED','https://www.linkedin.com/comm/jobs/view/4299004370/?trackingId=iiX6i%2B97TMy19hU8tIoajw%3D%3D&refId=x9a7KUYLQBmS1kCwEIEKng%3D%3D&lipi=urn%3Ali%3Apage%3Aemail_email_application_confirmation_with_nba_01%3Bg7ZOLgB1SEy4Af%2BkA2%2FfIA%3D%3D&midToken=AQHkiFkITmMP4Q&midSig=2lfyzHULnc0HY1&trk=eml-email_application_confirmation_with_nba_01-applied_jobs-0-jobcard_body&trkEmail=eml-email_application_confirmation_with_nba_01-applied_jobs-0-jobcard_body-null-r1s2v~mfhg8b3i~75-null-null&eid=r1s2v-mfhg8b3i-75&otpToken=MTYwMDFhZTMxMDI4Y2VjZGJlMmYwMmVmNDExOWU2YmM4YWNkZDE0NjlhYTY4NTZmNzNjMjA5NjY0ZjU5NWRmM2ZjOTVhMWJlNzRkNmU1ZjI0MTM1NTQ4YzFiOWU0ZTJlNzU0YTBhZmM0ZGZiNDQ5YmE2LDEsMQ%3D%3D',1,33,37),(38,'2026-02-03 08:57:31.767044','2026-02-03 15:29:58.979823','2025-12-09','2026-02-03','Desarrollo Java Argentina','JonID38','linkedin','REJECTED','https://www.linkedin.com/comm/jobs/view/4296634459/?trackingId=1BDhjFLTSzKcYwwiBNFdVQ%3D%3D&refId=LtdXPkwETWGAO9IhwmzW8Q%3D%3D&lipi=urn%3Ali%3Apage%3Aemail_email_application_confirmation_with_nba_01%3BlDk2RMQTRBSZoheEF1OU2g%3D%3D&midToken=AQHkiFkITmMP4Q&midSig=1EWJ-vTSXb0HY1&trk=eml-email_application_confirmation_with_nba_01-applied_jobs-0-jobcard_body&trkEmail=eml-email_application_confirmation_with_nba_01-applied_jobs-0-jobcard_body-null-r1s2v~mfhg70oy~ps-null-null&eid=r1s2v-mfhg70oy-ps&otpToken=MTYwMDFhZTMxMDI4Y2VjZGJlMmYwMmVmNDExOWU2YmM4YmM5ZDE0NDkwYTg4NTZmNzNjMjA5NjY0ZjU5NWRmM2ZjOGY4ODk4MTNlNGZiZmU2YzFkNTQ0MjU1ZWRjOTMwNmIzYzU3YzNiNGUzNDQ0NjYzLDEsMQ%3D%3D',1,34,38),(39,'2026-02-03 08:57:31.812640','2026-02-03 15:29:58.992722','2025-09-24','2026-02-03','Sr Java Backend','JonID39','linkedin','REJECTED','https://www.linkedin.com/comm/jobs/view/4297307353/?trackingId=jJLjuItJSwKBhZzrCdHs0A%3D%3D&refId=6hQYL0NAQwem%2Boe4l7rNrQ%3D%3D&lipi=urn%3Ali%3Apage%3Aemail_email_application_confirmation_with_nba_01%3BuTH5SndYTbGGaOV78tdWGg%3D%3D&midToken=AQHkiFkITmMP4Q&midSig=0tQv9Ma0rUhrY1&trk=eml-email_application_confirmation_with_nba_01-applied_jobs-0-jobcard_body&trkEmail=eml-email_application_confirmation_with_nba_01-applied_jobs-0-jobcard_body-null-r1s2v~mfyihjjy~sk-null-null&eid=r1s2v-mfyihjjy-sk&otpToken=MTYwMDFhZTMxMDI4Y2VjZGJlMmYwMmVmNGUxOWUyYjQ4ZGNhZDY0OTk4YTc4NTZmNzNjMjA5NjY0ZjU5NWRmM2ZjZDJiNmI1NTZjM2NiZDM3NTc0ZjhkNTVjYWY1ZGZlYjliYzcwMjFjN2ZmNGFkNjYwLDEsMQ%3D%3D',1,35,39),(40,'2026-02-03 08:57:31.854654','2026-02-03 15:29:59.004961','2025-09-24','2026-02-03','Senior Java Backend Engineer Altimetr','JonID40','linkedin','REJECTED','https://www.linkedin.com/comm/jobs/view/4283430420/?trackingId=1sG802aAQGO8YMkBRKXnGw%3D%3D&refId=6VGcFssySMiXYjDW%2FWlwYQ%3D%3D&lipi=urn%3Ali%3Apage%3Aemail_email_application_confirmation_with_nba_01%3BpMyPZqC1RHqWdE61DwqTZQ%3D%3D&midToken=AQHkiFkITmMP4Q&midSig=2E15ckZlTShrY1&trk=eml-email_application_confirmation_with_nba_01-applied_jobs-0-jobcard_body&trkEmail=eml-email_application_confirmation_with_nba_01-applied_jobs-0-jobcard_body-null-r1s2v~mfyig0q7~xz-null-null&eid=r1s2v-mfyig0q7-xz&otpToken=MTYwMDFhZTMxMDI4Y2VjZGJlMmYwMmVmNGUxOWUyYjQ4ZWM5ZDg0MDlhYTg4NTZmNzNjMjA5NjY0ZjU5NWRmM2ZjODI4MzgzNWJiMWJjYzM2NmNkZGU4MTgwZDFmOGYyYzNkZmZmYjU5ZWY2MzFjODA4LDEsMQ%3D%3D',1,36,40),(41,'2026-02-03 08:57:31.895606','2026-02-03 15:29:59.020943','2025-04-10','2026-02-03','Java Developer','JonID41','linkedin','REJECTED','https://www.linkedin.com/comm/jobs/view/4310413235/?trackingId=tgAiPRJORhuLTIoDJRmCjQ%3D%3D&refId=LoXe%2FR1ZSLONoRfN%2B6vj8w%3D%3D&lipi=urn%3Ali%3Apage%3Aemail_email_application_confirmation_with_nba_01%3BXZkB2UuWRf6hwnqrTARuhA%3D%3D&midToken=AQHkiFkITmMP4Q&midSig=0FuvGAWSLwubY1&trk=eml-email_application_confirmation_with_nba_01-applied_jobs-0-jobcard_body&trkEmail=eml-email_application_confirmation_with_nba_01-applied_jobs-0-jobcard_body-null-r1s2v~mgbg1v09~cs-null-null&eid=r1s2v-mgbg1v09-cs&otpToken=MTYwMDFhZTMxMDI4Y2VjZGJlMmYwMmVmNGYxYmU0YjY4ZGNmZDY0MzliYWI4NTZmNzNjMjA5NjY0ZjU5NWRmM2ZjOGFhOGUwMTNlMWVhZTM1YzkwZTRlMjU4NzdjMThjYTJmM2FjNmQ0NzkyOWVhOWMxLDEsMQ%3D%3D',1,37,41),(42,'2026-02-03 08:57:32.025524','2026-02-03 15:29:59.034892','2025-12-08','2026-02-03','','JonID43','flexjobs','REJECTED','https://jobs.lever.co/sporty/c70a6413-d421-4883-b89d-b59a27f879d5',1,38,43),(43,'2026-02-03 08:57:32.062460','2026-02-03 15:29:59.050841','2025-12-08','2026-02-03','Tech lead - Java','JonID44','linkedin','REJECTED','https://www.linkedin.com/jobs/view/4288079742/?eBP=NOT_ELIGIBLE_FOR_CHARGING&refId=0jmhk7r5lF7b7V%2Bc6i1OpQ%3D%3D&trackingId=Lj2V8aK%2Fo2Z%2BGUMvM9v5hA%3D%3D&trk=flagship3_search_srp_jobs',1,1,44),(44,'2026-02-03 08:57:32.106805','2026-02-03 15:29:59.065780','2025-12-08','2026-02-03','FullStack','JonID45','linkedin','REJECTED','https://tekton-labs.breezy.hr/p/05387e459e14-desarrollador-fullstack-java-spring-jsp/apply',1,39,45),(45,'2026-02-03 08:57:32.141385','2026-02-03 08:57:32.141385','2025-12-10','2026-02-03','SAP commerce Cloud','JonID46','jobleads','REJECTED','https://dandh.csod.com/ux/ats/careersite/5/home?c=dandh&lang=en-US#/requisition/2861',1,40,46),(46,'2026-02-03 08:57:32.183039','2026-02-03 08:57:32.183039','2025-12-10','2026-02-03','SAP commerce Cloud','JonID47','jobleads','REJECTED','http://click.dice.com/f/a/oitu8arQFrDF79j6pp91eA~~/AAAAARA~/MG7dLPEIKxEploU5TbOVXI9GCIOp9UBklxpNUNKsOUR7AUKo8MPK0PpCBXRyHi56Vdi1RFzX6ZhvJKF0mdU5ofehKv12_QoPZYeL3RrzOWP7wHb8Zl7manCsUD__7Oxz5LZsxMSXSNscyzMsjRELsoF3X3fCCR-md0Z2ZCjsnvA~',1,41,47),(47,'2026-02-03 08:57:32.279001','2026-02-03 08:57:32.279001','2025-12-10','2026-02-03','SAP commerce Cloud','JonID48','jobleads','REJECTED','http://click.dice.com/f/a/9S8Fsl1naHbgY3r3eY2LyA~~/AAAAARA~/uCgzDS_9HvX61xZGfhmdntgEkawQ6h0_O0f1gHSfP2FoBCKtjqcULG__RYBZU6GJZB0nb6qC2d-x70Z-jeq5tkekYmgVjTp2d4rLSr4ITUyiEL7A7d4j-ZyPmIswFr2MoFFYd8pzkurYZIyfE43Yc2ikOpbimkvyOZ9N5TnzrYE~',1,41,48),(48,'2026-02-03 08:57:32.308777','2026-02-03 08:57:32.308777','2025-12-10','2026-02-03','SAP commerce Cloud','JonID49','jobleads','REJECTED','http://click.dice.com/f/a/AgXXzojk5q1HwF4Cfkv8og~~/AAAAARA~/VHxu04ArlgHb8DQIKD0-tKvkx2GqTFGyw5rhDXQ4ybFZv1QnS689HzS0waYqWbDicvNluQgoitabL8YZ-_zZYdyIydGvVo5Mz1No75tf318Qmyh59j7EkfbJC1UXlC21nADZ7e2Rm15dk2YCLPuc7yQ58Nz32Xr8pQeP_6rvSfo~',1,41,49),(49,'2026-02-03 08:57:32.339434','2026-02-03 15:29:59.082541','2025-12-10','2026-02-03','Backend','JonID50','jobleads','REJECTED','https://job-boards.greenhouse.io/varicent/jobs/5022389008/confirmation',1,42,50),(50,'2026-02-03 08:57:32.380599','2026-02-03 08:57:32.380599','2025-12-10','2026-02-03','Java Backend','JonID51','jobleads','REJECTED','',1,43,51),(51,'2026-02-03 08:57:32.413980','2026-02-03 15:29:59.098498','2025-10-13','2026-02-03','Java Backend','JonID52','linkedin','REJECTED','https://www.linkedin.com/comm/jobs/view/4336747158/?trackingId=PSigWRR%2BSeKgnDaT%2F7HRgQ%3D%3D&refId=uiQnH%2FiFQF2DteUFuFuRHg%3D%3D&lipi=urn%3Ali%3Apage%3Aemail_email_application_confirmation_with_nba_01%3Bo%2FBnxyCWRQu8%2FaMxTp4gOw%3D%3D&midToken=AQHkiFkITmMP4Q&midSig=2wO3rwxgVa0Y41&trk=eml-email_application_confirmation_with_nba_01-applied_jobs-0-jobcard_body&trkEmail=eml-email_application_confirmation_with_nba_01-applied_jobs-0-jobcard_body-null-r1s2v~mj3mx69a~t3-null-null&eid=r1s2v-mj3mx69a-t3&otpToken=MTYwMDFhZTMxMDI4Y2VjZGJlMmYwMmVjNDMxYmVlYjQ4Y2M5ZDI0NTlhYWM4NTZmNzNjMjA5NjY0ZjU5NWRmM2ZjOGFhYWIxNDZjNWMzZDk1YjY4ZDU0YWQ5MDY3YTAyY2JmNmUyZWRmYTdlN2I0NjAzLDEsMQ%3D%3D',1,44,52),(52,'2026-02-03 08:57:32.460139','2026-02-03 15:29:59.115541','2025-12-19','2026-02-03','Java Spring boot','JonID53','linkedin','REJECTED','https://www.linkedin.com/comm/jobs/view/4326360556/?trackingId=iQtx5kHQQVeOeKXxiFpecg%3D%3D&refId=fhyqf5yoSq2m2Ajgg%2BM%2FFg%3D%3D&lipi=urn%3Ali%3Apage%3Aemail_email_application_confirmation_with_nba_01%3Bf1eOKszBQRytVItLSs8K4w%3D%3D&midToken=AQHkiFkITmMP4Q&midSig=0UvqLueH42as41&trk=eml-email_application_confirmation_with_nba_01-applied_jobs-0-jobcard_body&trkEmail=eml-email_application_confirmation_with_nba_01-applied_jobs-0-jobcard_body-null-r1s2v~mjd7vly2~da-null-null&eid=r1s2v-mjd7vly2-da&otpToken=MTYwMDFhZTMxMDI4Y2VjZGJlMmYwMmVjNDAxZmUxYmQ4OGM4ZDY0ODllYTc4NTZmNzNjMjA5NjY0ZjU5NWRmM2ZjZDNiNjg0MTBkNGU3ODUwNThjMDk3MmMxNTRjMDIzYzY3YzM0M2U1OGQ4YmE4M2RhLDEsMQ%3D%3D',1,45,53),(53,'2026-02-03 08:57:32.517434','2026-02-03 15:29:59.133712','2025-12-20','2026-02-03','Java Developer','JonID54','linkedin','REJECTED','https://www.linkedin.com/comm/jobs/view/4343995133/?trackingId=Jwfv6TRIS7Gm5jYsRP2BFA%3D%3D&refId=tedh65GMQ5uctYcMPL1ivw%3D%3D&lipi=urn%3Ali%3Apage%3Aemail_email_application_confirmation_with_nba_01%3BsunyncN4R3aMBAgDaTF9oQ%3D%3D&midToken=AQHkiFkITmMP4Q&midSig=29HWyUhlYXbs41&trk=eml-email_application_confirmation_with_nba_01-applied_jobs-0-jobcard_body&trkEmail=eml-email_application_confirmation_with_nba_01-applied_jobs-0-jobcard_body-null-r1s2v~mjeah50d~mk-null-null&eid=r1s2v-mjeah50d-mk&otpToken=MTYwMDFhZTMxMDI4Y2VjZGJlMmYwMmVjNDAxY2U0YjA4YWM3ZDY0OTlmYTc4NTZmNzNjMjA5NjY0ZjU5NWRmM2ZjYWJhMGEzNjlkOWMwZGM0YzczNTdkOWJmYjJmMmQ2MGRhZTRiMGNhMDZhYjRhMDBmLDEsMQ%3D%3D',1,46,54),(54,'2026-02-03 08:57:32.550142','2026-02-03 15:29:59.152438','2025-12-20','2026-02-03','Java Developer','JonID55','linkedin','REJECTED','https://www.linkedin.com/comm/jobs/view/4343597383/?trackingId=p%2FvHoJhAT5682eJdB0k1Hg%3D%3D&refId=9T4sigiaSFqApNedyCiDdw%3D%3D&lipi=urn%3Ali%3Apage%3Aemail_email_application_confirmation_with_nba_01%3B%2BzvKd%2BEAQyaTSd5iV%2BpweQ%3D%3D&midToken=AQHkiFkITmMP4Q&midSig=26gkaEHmkPbs41&trk=eml-email_application_confirmation_with_nba_01-applied_jobs-0-jobcard_body&trkEmail=eml-email_application_confirmation_with_nba_01-applied_jobs-0-jobcard_body-null-r1s2v~mjea7dp2~6e-null-null&eid=r1s2v-mjea7dp2-6e&otpToken=MTYwMDFhZTMxMDI4Y2VjZGJlMmYwMmVjNDAxY2U0YjA4ZWNhZDE0NDlmYWI4NTZmNzNjMjA5NjY0ZjU5NWRmM2ZjOGQ5MWUxNGJlZmRkZDY2MzIwYjA3OWIxNmU3YTJhYjBmOGE0ZTEyMmMxNWE3MWI1LDEsMQ%3D%3D',1,47,55),(55,'2026-02-03 08:57:32.580728','2026-02-03 15:29:59.170052','2025-12-20','2026-02-03','Java Developer','JonID56','joblead','REJECTED','',1,48,56),(56,'2026-02-03 08:57:32.614999','2026-02-03 15:29:59.186344','2025-12-20','2026-02-03','SAP commerce Cloud','JonID57','joblead','REJECTED','https://rockwellautomation.wd1.myworkdayjobs.com/External_Rockwell_Automation',1,49,57),(57,'2026-02-03 08:57:32.648717','2026-02-03 15:29:59.201855','2025-12-22','2026-02-03','avenga.careers@avenga.teamtailor-mail.com','JonID58','jobleads','REJECTED','',1,50,58),(58,'2026-02-03 08:57:32.681586','2026-02-03 15:29:59.214727','2025-12-23','2026-02-03','Senior Java Developer','JonID59','linkedin','REJECTED','https://www.linkedin.com/comm/jobs/view/4347759369/?trackingId=nIkLE9eETVeeZM0O7fhaPA%3D%3D&refId=1AgwayhpTTip2IBoEGe06A%3D%3D&lipi=urn%3Ali%3Apage%3Aemail_email_application_confirmation_with_nba_01%3BT%2FmuL3ZCQqiy%2BfpUBfUZGw%3D%3D&midToken=AQHkiFkITmMP4Q&midSig=3wcXGgnrb_fs41&trk=eml-email_application_confirmation_with_nba_01-applied_jobs-0-jobcard_body&trkEmail=eml-email_application_confirmation_with_nba_01-applied_jobs-0-jobcard_body-null-r1s2v~mjijrf3p~hg-null-null&eid=r1s2v-mjijrf3p-hg&otpToken=MTYwMDFhZTMxMDI4Y2VjZGJlMmYwMmVjNDAxYWVlYjY4ZWNjZDA0NDk4YTg4NTZmNzNjMjA5NjY0ZjU5NWRmM2ZjZDJkMGI5MTBlNmM3ZTE0MjBhNmZhYmFjMjY1MDY0MjkyOWVkNGJlZjNmOTkxMzRlLDEsMQ%3D%3D',1,51,59),(59,'2026-02-03 08:57:32.706107','2026-02-03 15:29:59.226984','2025-12-23','2026-02-03','Java Developer','JonID60','linkedin','REJECTED','https://www.linkedin.com/comm/jobs/view/4289959426/?trackingId=o%2BFCPdDYSHaELrV1EbKUyA%3D%3D&refId=a6iJwnRfTiie%2Fva4sS1Yww%3D%3D&lipi=urn%3Ali%3Apage%3Aemail_email_application_confirmation_with_nba_01%3BqoUYofw%2FQvSGEFWtVuyTSQ%3D%3D&midToken=AQHkiFkITmMP4Q&midSig=0QZTE9nBAwfI41&trk=eml-email_application_confirmation_with_nba_01-applied_jobs-0-jobcard_body&trkEmail=eml-email_application_confirmation_with_nba_01-applied_jobs-0-jobcard_body-null-r1s2v~mjiky32o~x5-null-null&eid=r1s2v-mjiky32o-x5&otpToken=MTYwMDFhZTMxMDI4Y2VjZGJlMmYwMmVjNDAxYWVlYjA4ZmM2ZDM0NjljYTk4NTZmNzNjMjA5NjY0ZjU5NWRmM2ZjOWRhNGJmNGVlYmI4ZGU1MmNkMGE2YzNiNTJiODMyYWY1Y2M0YTZjNDRlYTNlMjhjLDEsMQ%3D%3D',1,5,60),(60,'2026-02-03 08:57:32.739149','2026-02-03 15:29:59.236479','2025-12-23','2026-02-03','Java DEveloper','JonID61','jobleads','REJECTED','https://jobs.ashbyhq.com/latamcent/556d1fd7-ae78-4b6c-81f7-69f909668b69/application?utm_source=J2K56e7vVE',1,52,61),(61,'2026-02-03 08:57:32.772858','2026-02-03 15:29:59.249415','2025-12-23','2026-02-03','Java','JonID62','jobleads','REJECTED','',1,53,62),(62,'2026-02-03 08:57:32.806669','2026-02-03 15:29:59.261143','2025-12-25','2026-02-03','Java','JonID63','linkedin','REJECTED','https://www.linkedin.com/comm/jobs/view/4328120955/?trackingId=UHt9dTK%2BQYmiZTu%2BcSSU3w%3D%3D&refId=joutyHAlRw%2BSehtM9GFbzg%3D%3D&lipi=urn%3Ali%3Apage%3Aemail_email_application_confirmation_with_nba_01%3BT1XrT%2FZOSoGG%2Fa1e1Y5qYg%3D%3D&midToken=AQHkiFkITmMP4Q&midSig=2rXTKFvxL-is41&trk=eml-email_application_confirmation_with_nba_01-applied_jobs-0-jobcard_body&trkEmail=eml-email_application_confirmation_with_nba_01-applied_jobs-0-jobcard_body-null-r1s2v~mjllifr2~cg-null-null&eid=r1s2v-mjllifr2-cg&otpToken=MTYwMDFhZTMxMDI4Y2VjZGJlMmYwMmVjNDAxOGUwYjI4Y2M3ZDY0NTlkYWQ4NTZmNzNjMjA5NjY0ZjU5NWRmM2ZjYTA4MWFhNzdjYWJiZjAwMzk4ODg0ZGY0ZDBiY2VlYjI1ZDNjMTUyNGY3YzQ2YzU2LDEsMQ%3D%3D',1,54,63),(63,'2026-02-03 08:57:32.841268','2026-02-03 15:29:59.273364','2025-12-26','2026-02-03','Senior Software Engineer - Java Microservices','JonID64','jobleads','REJECTED','https://www.linkedin.com/jobs/view/4346102352/',1,55,64),(64,'2026-02-03 08:57:32.873624','2026-02-03 15:29:59.282228','2025-12-26','2026-02-03','Senior Java Backend Developer with AWS','JonID65','jobleads','REJECTED','https://www.linkedin.com/jobs/view/4327844379/',1,56,65),(65,'2026-02-03 08:57:32.909706','2026-02-03 15:29:59.289352','2025-12-26','2026-02-03','Senior Java Developer','JonID66','joblead','REJECTED','https://www.linkedin.com/jobs/view/4343597383/',1,57,66),(66,'2026-02-03 08:57:32.945047','2026-02-03 15:29:59.300874','2025-12-26','2026-02-03','Staff Backend Engineer','JonID67','jobleads','REJECTED','https://www.linkedin.com/jobs/view/4343014932/',1,58,67),(67,'2026-02-03 08:57:32.969009','2026-02-03 15:29:59.311882','2025-12-26','2026-02-03','','JonID68','jobleads','REJECTED','https://zoolatech.com/vacancies/senior-backend-software-engineer-java-guadalajara-mexico-226029.html',1,12,68),(68,'2026-02-03 08:57:32.992881','2026-02-03 15:29:59.323318','2025-12-26','2026-02-03','','JonID69','jobleads','REJECTED','https://simera-talent.freshteam.com/jobs/VbuEPk71pa9L/Back%20End%20Developer%20III%20(Remote)',1,12,69),(69,'2026-02-03 08:57:33.025482','2026-02-03 15:29:59.329171','2025-12-26','2026-02-03','Back End Developer','JonID70','jobleads','REJECTED','https://www.linkedin.com/jobs/view/4329132471/',1,59,70),(70,'2026-02-03 08:57:33.056319','2026-02-03 15:29:59.336993','2025-12-28','2026-02-03','SAP Hybris Architect','JonID71','jobleads','REJECTED','https://www.linkedin.com/jobs/view/4327735754/',1,60,71),(71,'2026-02-03 08:57:33.087399','2026-02-03 15:29:59.350171','2025-12-28','2026-02-03','SAP Commerce Architec','JonID72','jobleads','REJECTED','https://www.linkedin.com/jobs/view/4325758139/',1,61,72),(72,'2026-02-03 08:57:33.118589','2026-02-03 08:57:33.118589','2025-12-28','2026-02-03','Java System Engineerin','JonID73','linkedin','REJECTED','https://www.linkedin.com/comm/jobs/view/4345766825/?trackingId=11CruxCCRdq8x1zXqAcEDA%3D%3D&refId=7cIErR7CTNeUY%2FhiQYrP3g%3D%3D&lipi=urn%3Ali%3Apage%3Aemail_email_application_confirmation_with_nba_01%3B8fxpv0v%2BRyyiXVL32s179g%3D%3D&midToken=AQHkiFkITmMP4Q&midSig=0pMCcdaBYnnc41&trk=eml-email_application_confirmation_with_nba_01-applied_jobs-0-jobcard_body&trkEmail=eml-email_application_confirmation_with_nba_01-applied_jobs-0-jobcard_body-null-r1s2v~mjq70eua~l-null-null&eid=r1s2v-mjq70eua-l&otpToken=MTYwMDFhZTMxMDI4Y2VjZGJlMmYwMmVjNDAxN2UyYjA4Y2M5ZDE0Njk4YTg4NTZmNzNjMjA5NjY0ZjU5NWRmM2ZjYmZkN2U0NzZkOWQ5Zjc2MDA5Yzk0Y2Y3NTc0MzE2OGY0MmVmODZhM2E1ZDE1NDg1LDEsMQ%3D%3D',1,62,73),(73,'2026-02-03 08:57:33.148352','2026-02-03 15:29:59.361056','2025-12-28','2026-02-03','Java Software Engineering','JonID74','linkedin','REJECTED','https://www.linkedin.com/comm/jobs/view/4326881766/?trackingId=1TCgaA7RRY6t7QKi%2FpW0Jg%3D%3D&refId=VN1KNoiXQj2tip1k6YPFDw%3D%3D&lipi=urn%3Ali%3Apage%3Aemail_email_application_confirmation_with_nba_01%3B%2Bn7cLL4VSLKFs%2FanvLYu9g%3D%3D&midToken=AQHkiFkITmMP4Q&midSig=1m0OxtJdcmnc41&trk=eml-email_application_confirmation_with_nba_01-applied_jobs-0-jobcard_body&trkEmail=eml-email_application_confirmation_with_nba_01-applied_jobs-0-jobcard_body-null-r1s2v~mjq6yzx9~wq-null-null&eid=r1s2v-mjq6yzx9-wq&otpToken=MTYwMDFhZTMxMDI4Y2VjZGJlMmYwMmVjNDAxN2UyYjA4Y2NlZDU0NjliYWM4NTZmNzNjMjA5NjY0ZjU5NWRmM2ZjYTJhMzkwNjFmN2RkZjA2M2NiYTZmZThmNmEwNTk0ZGI5ZGZlM2I2ZWE5NzU4YTU1LDEsMQ%3D%3D',1,63,74),(74,'2026-02-03 08:57:33.179764','2026-02-03 08:57:33.179764','2025-12-28','2026-02-03','SAP Commerce Cloud Development','JonID75','linkedin','REJECTED','https://www.linkedin.com/comm/jobs/view/4345787047/?trackingId=mvH3jKoAQjS52jvs%2FRlRew%3D%3D&refId=ujP6Bj2%2BTJWon%2FSgqMdPCw%3D%3D&lipi=urn%3Ali%3Apage%3Aemail_email_application_confirmation_with_nba_01%3BDXJQjJywQ0m5hEPRzVhVfw%3D%3D&midToken=AQHkiFkITmMP4Q&midSig=25ox_t0SAinc41&trk=eml-email_application_confirmation_with_nba_01-applied_jobs-0-jobcard_body&trkEmail=eml-email_application_confirmation_with_nba_01-applied_jobs-0-jobcard_body-null-r1s2v~mjq6tfth~po-null-null&eid=r1s2v-mjq6tfth-po&otpToken=MTYwMDFhZTMxMDI4Y2VjZGJlMmYwMmVjNDAxN2UyYjA4ZmNhZDY0MjkwYWY4NTZmNzNjMjA5NjY0ZjU5NWRmM2ZjYWY4MjgyNDZkOGVlZjg3ZGUxOWUzYTEwZjg1MjhhZjdlOWQyMDZkYzBlNzVmNWI4LDEsMQ%3D%3D',1,64,75),(75,'2026-02-03 08:57:33.203654','2026-02-03 08:57:33.203654','2025-12-28','2026-02-03','SAP Hybris Architect','JonID76','linkedin','REJECTED','https://www.linkedin.com/comm/jobs/view/4327735754/?trackingId=G5uOQrQyT%2Fyu5lIgVQ0Kvg%3D%3D&refId=C6gqZLqRR0GcaEdFed%2BPhQ%3D%3D&lipi=urn%3Ali%3Apage%3Aemail_email_application_confirmation_with_nba_01%3BDHcZP4DUS56oOiMN2p6s%2FA%3D%3D&midToken=AQHkiFkITmMP4Q&midSig=13ZUGsYu0qmY41&trk=eml-email_application_confirmation_with_nba_01-applied_jobs-0-jobcard_body&trkEmail=eml-email_application_confirmation_with_nba_01-applied_jobs-0-jobcard_body-null-r1s2v~mjpxyjk8~m4-null-null&eid=r1s2v-mjpxyjk8-m4&otpToken=MTYwMDFhZTMxMDI4Y2VjZGJlMmYwMmVjNDAxN2U0YmQ4ZWM4ZDc0ODllYWI4NTZmNzNjMjA5NjY0ZjU5NWRmM2ZjYTdkMGE0NzJlZmYwZmY1MDIxZmVlYTE3MWQ2NzhmY2VjNDc0ZjRkNTE3NTYxZmIzLDEsMQ%3D%3D',1,60,76),(76,'2026-02-03 08:57:33.238039','2026-02-03 15:29:59.370377','2025-12-28','2026-02-03','Java Solution Arquitect','JonID77','jobleads','REJECTED','https://www.epam.com/careers/job-listings/job.epamgdo_bltb8pbijj91m0me4ks_en-us_Other_Mexico',1,65,77),(77,'2026-02-03 08:57:33.268067','2026-02-03 15:29:59.379964','2025-12-30','2026-02-03','SR Java','JonID78','linkedin','REJECTED','https://www.linkedin.com/comm/jobs/view/4346278840/?trackingId=hhQcxWpoQDm90T4jSbatzw%3D%3D&refId=B6cl1OF7SbSlE3mf3hIcqg%3D%3D&lipi=urn%3Ali%3Apage%3Aemail_email_application_confirmation_with_nba_01%3BrP9Da3epRuutDoamL9SAng%3D%3D&midToken=AQHkiFkITmMP4Q&midSig=1HdhVN71S2pY41&trk=eml-email_application_confirmation_with_nba_01-applied_jobs-0-jobcard_body&trkEmail=eml-email_application_confirmation_with_nba_01-applied_jobs-0-jobcard_body-null-r1s2v~mjt3frwc~1x-null-null&eid=r1s2v-mjt3frwc-1x&otpToken=MTYwMDFhZTMxMDI4Y2VjZGJlMmYwMmVjNDExZmU1YmQ4OGM4ZDg0NDlhYTY4NTZmNzNjMjA5NjY0ZjU5NWRmM2ZjYmZiNWEyMTVmMmIxZDk3YTJiOGIxOTVkY2I2MThmNTg4NzFjNTQxNjkyZGIyZDA5LDEsMQ%3D%3D',1,66,78),(78,'2026-02-03 08:57:33.299124','2026-02-03 15:29:59.390391','2025-12-30','2026-02-03','Java Software Engineering','JonID79','linkedin','REJECTED','https://www.linkedin.com/comm/jobs/view/4346516573/?trackingId=eopgfZ%2BCR2uoC3kcTr8d1w%3D%3D&refId=YjyegH%2B6RgipssiKVeBjbA%3D%3D&lipi=urn%3Ali%3Apage%3Aemail_email_application_confirmation_with_nba_01%3BsQAVNjGESa%2BJjnEob9o%2BfQ%3D%3D&midToken=AQHkiFkITmMP4Q&midSig=1HdhVN71S2pY41&trk=eml-email_application_confirmation_with_nba_01-applied_jobs-0-jobcard_body&trkEmail=eml-email_application_confirmation_with_nba_01-applied_jobs-0-jobcard_body-null-r1s2v~mjt3etgm~pv-null-null&eid=r1s2v-mjt3etgm-pv&otpToken=MTYwMDFhZTMxMDI4Y2VjZGJlMmYwMmVjNDExZmU1YmQ4OGNjZDM0ODk4YTc4NTZmNzNjMjA5NjY0ZjU5NWRmM2ZjYmRhYWUyNmZiM2IxZGE2YzQwZDc2Mjc4NTRiNDgzNzM1Njk2NTYwMmVkNGI4ZTdjLDEsMQ%3D%3D',1,67,79),(79,'2026-02-03 08:57:33.331463','2026-02-03 15:29:59.400523','2025-12-31','2026-02-03','Principal Engineer (Java)','JonID80','linkedin','REJECTED','https://www.linkedin.com/comm/jobs/view/4309502316/?trackingId=%2BZW4XcbcR4uPWBf1FkppkQ%3D%3D&refId=RkGyD7XjQNKredXjB0oSrQ%3D%3D&lipi=urn%3Ali%3Apage%3Aemail_email_application_confirmation_with_nba_01%3B21rTUeB6QECZTwgUPssKHA%3D%3D&midToken=AQHkiFkITmMP4Q&midSig=3Nq3sh0nNPrs41&trk=eml-email_application_confirmation_with_nba_01-applied_jobs-0-jobcard_body&trkEmail=eml-email_application_confirmation_with_nba_01-applied_jobs-0-jobcard_body-null-r1s2v~mjulr98p~yx-null-null&eid=r1s2v-mjulr98p-yx&otpToken=MTYwMDFhZTMxMDI4Y2VjZGJlMmYwMmVjNDExY2U1YjU4ZmNlZDM0NTkwYTk4NTZmNzNjMjA5NjY0ZjU5NWRmM2ZjODdiNmJmNzVlNGM0ZDY0NjQ1NzI5MDAzMDEwZjZkMTQ3YzEyNDc1MzZhMWE3NDgyLDEsMQ%3D%3D',1,68,80),(80,'2026-02-03 08:57:33.365377','2026-02-03 08:57:33.365377','2026-01-27',NULL,'Sr Staff Software Engineer_Jav','JonID81','linkedin','APPLIED','https://www.linkedin.com/comm/jobs/view/4313078127?trackingId=&refId=&lipi=urn%3Ali%3Apage%3Aemail_email_jobs_application_rejected_01%3BNvj%2FZgwXSQOwhmicViZFIA%3D%3D&midToken=AQHkiFkITmMP4Q&midSig=0huwiUo_zq_I41&trk=eml-email_jobs_application_rejected_01-applied_jobs-0-applied_job&trkEmail=eml-email_jobs_application_rejected_01-applied_jobs-0-applied_job-null-r1s2v~mkvjfzhu~5w-null-null&eid=r1s2v-mkvjfzhu-5w&otpToken=MTYwMDFhZTMxMDI4Y2VjZGJlMmYwMmVjNGYxYWUyYjA4Y2M4ZDY0ODlhYWQ4NTZmNzNjMjA5NjY0ZjU5NWRmM2ZjYjBiNTgxNzdjNWRiZTU0MWM2MzQwMDMxM2I3MjkyYTQxNDQxM2M0ZDg3YzkxZTA0LDEsMQ%3D%3D',1,69,81),(81,'2026-02-03 08:57:33.460882','2026-02-03 08:57:33.460882','2026-01-27',NULL,'Lead Java Backend Engineer\n Applied on Jan 14','JonID82','linkedin','APPLIED','https://www.linkedin.com/comm/jobs/view/4330885621?trackingId=&refId=&lipi=urn%3Ali%3Apage%3Aemail_email_jobs_job_application_viewed_01%3BtRzcWy1eScWVK5ACvDMiMQ%3D%3D&midToken=AQHkiFkITmMP4Q&midSig=11g0Bmxrfl_s41&trk=eml-email_jobs_job_application_viewed_01-applied_jobs-0-applied_job&trkEmail=eml-email_jobs_job_application_viewed_01-applied_jobs-0-applied_job-null-r1s2v~mkva5cep~qh-null-null&eid=r1s2v-mkva5cep-qh&otpToken=MTYwMDFhZTMxMDI4Y2VjZGJlMmYwMmVjNGYxYWU0YmM4OGNiZDM0ODk4YWQ4NTZmNzNjMjA5NjY0ZjU5NWRmM2ZjZGRhMWJiNDViNGNlYzAwMWU3ODFjM2FlYTQwMTYxYWQ0Y2RlYTQ1NDMyOGE5ZmVlLDEsMQ%3D%3D',1,70,82),(82,'2026-02-03 08:57:33.494792','2026-02-10 12:06:12.743305','2026-01-27',NULL,'Java Software Engineering','JonID83','linkedin','INTERVIEWED','https://www.linkedin.com/comm/jobs/view/4360957192?trackingId=&refId=&lipi=urn%3Ali%3Apage%3Aemail_email_jobs_application_rejected_01%3BSyRjfQBbSzi%2BAgkDZA7Fjg%3D%3D&midToken=AQHkiFkITmMP4Q&midSig=0BWFff2V6L_I41&trk=eml-email_jobs_application_rejected_01-applied_jobs-0-applied_job&trkEmail=eml-email_jobs_application_rejected_01-applied_jobs-0-applied_job-null-r1s2v~mkvhwslc~je-null-null&eid=r1s2v-mkvhwslc-je&otpToken=MTYwMDFhZTMxMDI4Y2VjZGJlMmYwMmVjNGYxYWUyYjU4OGM3ZDE0ODk4YWM4NTZmNzNjMjA5NjY0ZjU5NWRmM2ZjOWQ5MGIyMTNmN2RjZTc2NjdjNTEwYWU2YzBjNGM5ZmYxZWI1NDQyZDg5Y2UwMGY3LDEsMQ%3D%3D',1,71,83),(83,'2026-02-03 08:57:33.523927','2026-02-03 08:57:33.523927','2026-01-29','2026-02-01','Sr. Software Engineer - Java','JonID84','linkedin','REJECTED','https://www.linkedin.com/jobs/view/4355970915/',1,25,84),(84,'2026-02-03 08:57:33.567145','2026-02-03 08:57:33.567145','2026-01-29','2026-02-01','Senior Java Develope','JonID85','linkedin','REJECTED','https://www.linkedin.com/jobs/view/4345378797/',1,72,85),(85,'2026-02-03 08:57:33.600603','2026-02-03 08:57:33.600603','2026-01-29','2026-02-01','Java Engenneing','JonID86','linkedin','REJECTED','https://www.linkedin.com/jobs/view/4365306706/',1,73,86),(86,'2026-02-03 08:57:33.632741','2026-02-03 08:57:33.632741','2026-01-29',NULL,'Java Backend','JonID87','linkedin','APPLIED','https://www.linkedin.com/jobs/view/4359148938/',1,74,87),(87,'2026-02-03 08:57:33.663950','2026-02-03 08:57:33.663950','2026-01-30',NULL,'Java Backend','JonID88','linkedin','APPLIED','https://www.linkedin.com/comm/jobs/view/4367456519/?trackingId=fq%2B%2FRgAnRPiykYlCfRRcAA%3D%3D&refId=NURD0uGHRZifkHL6rJiMVw%3D%3D&lipi=urn%3Ali%3Apage%3Aemail_email_application_confirmation_with_nba_01%3BEyIdGNBOS%2FSbjmKYMuLM8w%3D%3D&midToken=AQHkiFkITmMP4Q&midSig=2DylgOlQgF5c81&trk=eml-email_application_confirmation_with_nba_01-applied_jobs-0-jobcard_body_4367456519&trkEmail=eml-email_application_confirmation_with_nba_01-applied_jobs-0-jobcard_body_4367456519-null-r1s2v~ml0ybw3w~bu-null-null&eid=r1s2v-ml0ybw3w-bu&otpToken=MTYwMDFhZTMxMDI4Y2VjZGJlMmYwMmVjNGYxOWVmYjU4OGNlZDE0MTlkYWU4NTZmNzNjMjA5NjY0ZjU5NWRmM2ZjYTM5MWI1NTNjYWY4ZGQ0MzhmMDVmMTQwMjc0MzU4NjEyZjA1ZDY1YzkyNGE2NDc3LDEsMQ%3D%3D',1,75,88),(88,'2026-02-03 08:57:33.698664','2026-02-03 08:57:33.698664','2026-01-30',NULL,'Java Backend','JonID89','linkedin','APPLIED','https://www.linkedin.com/comm/jobs/view/4321371537/?trackingId=MLa%2FDidHRsuWCC1VXGEHpQ%3D%3D&refId=F9kR5ME0Sf%2BOarqBySAemA%3D%3D&lipi=urn%3Ali%3Apage%3Aemail_email_application_confirmation_with_nba_01%3Brkbu%2FsbkSmi9XDqUTsmeXA%3D%3D&midToken=AQHkiFkITmMP4Q&midSig=0CjOss-uwC5c81&trk=eml-email_application_confirmation_with_nba_01-applied_jobs-0-jobcard_body_4321371537&trkEmail=eml-email_application_confirmation_with_nba_01-applied_jobs-0-jobcard_body_4321371537-null-r1s2v~ml0y7ycg~s0-null-null&eid=r1s2v-ml0y7ycg-s0&otpToken=MTYwMDFhZTMxMDI4Y2VjZGJlMmYwMmVjNGYxOWVmYjU4YWNkZDE0NzlkYWY4NTZmNzNjMjA5NjY0ZjU5NWRmM2ZjOTNhMjg1NjFiMGM4ODY3NGEzNmMzZjRiZDgzZmIzZTk0MDM0NDEwMjI2NDBlZjJhLDEsMQ%3D%3D',1,76,89),(89,'2026-02-03 08:57:33.733125','2026-02-03 08:57:33.733125','2026-01-30',NULL,'Java Backend','JonID90','linkedin','APPLIED','https://www.linkedin.com/comm/jobs/view/4345697801/?trackingId=%2BzQrA0wmSvKrQ7c2IrNf6w%3D%3D&refId=kTlItr0xSJ21bbWYrGr1Vg%3D%3D&lipi=urn%3Ali%3Apage%3Aemail_email_application_confirmation_with_nba_01%3BbEUk%2B1l4QQarAZFxLWjR2Q%3D%3D&midToken=AQHkiFkITmMP4Q&midSig=0d0eYLwIQg5c81&trk=eml-email_application_confirmation_with_nba_01-applied_jobs-0-jobcard_body_4345697801&trkEmail=eml-email_application_confirmation_with_nba_01-applied_jobs-0-jobcard_body_4345697801-null-r1s2v~ml0xg57i~1n-null-null&eid=r1s2v-ml0xg57i-1n&otpToken=MTYwMDFhZTMxMDI4Y2VjZGJlMmYwMmVjNGYxOWVmYjQ4ZGNmZDk0OTllYTg4NTZmNzNjMjA5NjY0ZjU5NWRmM2ZjOTRkNzgwNjBlY2ZjZDI0MWFmN2MxZGZmNmMyYTY4YzNmOTg0NmJhNzM1ODMwMDk1LDEsMQ%3D%3D',1,77,90),(90,'2026-02-03 08:57:33.766632','2026-02-03 08:57:33.766632','2026-01-30',NULL,'Java Backend','JonID91','linkedin','APPLIED','https://www.linkedin.com/comm/jobs/view/4360092702/?trackingId=JKAlTS2AT9WbPE5%2FHcEq2Q%3D%3D&refId=ndi2c4fHTA2eo0wzevKGwA%3D%3D&lipi=urn%3Ali%3Apage%3Aemail_email_application_confirmation_with_nba_01%3BaNTQyHrcTZWSI6Lowpdf1w%3D%3D&midToken=AQHkiFkITmMP4Q&midSig=1Lkfrzgmo95c81&trk=eml-email_application_confirmation_with_nba_01-applied_jobs-0-jobcard_body_4360092702&trkEmail=eml-email_application_confirmation_with_nba_01-applied_jobs-0-jobcard_body_4360092702-null-r1s2v~ml0x6wae~e1-null-null&eid=r1s2v-ml0x6wae-e1&otpToken=MTYwMDFhZTMxMDI4Y2VjZGJlMmYwMmVjNGYxOWUwYmQ4OGM2ZDg0MjllYWI4NTZmNzNjMjA5NjY0ZjU5NWRmM2ZjOTZiMjkyNTRkNmZiZDA2NWExM2NiMTc4MTk2YjNkODA4NzYzNTBhNDcwMzdkZjU5LDEsMQ%3D%3D',1,78,91),(91,'2026-02-03 08:57:33.790335','2026-02-03 08:57:33.790335','2026-01-30',NULL,'Backend','JonID92','linkedin','APPLIED','https://www.linkedin.com/comm/jobs/view/4355957985/?trackingId=ySLBCmbRRUezUtIGNID2RQ%3D%3D&refId=8z8%2FVeiwROGWbjwI%2BbsliQ%3D%3D&lipi=urn%3Ali%3Apage%3Aemail_email_application_confirmation_with_nba_01%3BdThN3U11RIGu6H0sPuM4Xg%3D%3D&midToken=AQHkiFkITmMP4Q&midSig=1Lkfrzgmo95c81&trk=eml-email_application_confirmation_with_nba_01-applied_jobs-0-jobcard_body_4355957985&trkEmail=eml-email_application_confirmation_with_nba_01-applied_jobs-0-jobcard_body_4355957985-null-r1s2v~ml0x64xf~cq-null-null&eid=r1s2v-ml0x64xf-cq&otpToken=MTYwMDFhZTMxMDI4Y2VjZGJlMmYwMmVjNGYxOWUwYmQ4OGNiZDI0ODk4YWE4NTZmNzNjMjA5NjY0ZjU5NWRmM2ZjODRhMmU2NjZlMWNlYzU1ODMxMjc0NmY0MjI3M2RkMWJjMDcxOTkxM2NiNGJmOGNlLDEsMQ%3D%3D',1,16,92),(92,'2026-02-03 08:57:33.815040','2026-02-03 08:57:33.815040','2026-01-30','2026-02-03','Backend','JonID93','linkedin','REJECTED','https://www.linkedin.com/comm/jobs/view/4358254807/?trackingId=uglersswS7uXOHUXca3hag%3D%3D&refId=kwooKfe7RnWCpLfmLs%2FP%2Fw%3D%3D&lipi=urn%3Ali%3Apage%3Aemail_email_application_confirmation_with_nba_01%3Bf%2BvEEhi%2FT7Wrm%2B69WfCCXw%3D%3D&midToken=AQHkiFkITmMP4Q&midSig=2XTBkjCvc85c81&trk=eml-email_application_confirmation_with_nba_01-applied_jobs-0-jobcard_body_4358254807&trkEmail=eml-email_application_confirmation_with_nba_01-applied_jobs-0-jobcard_body_4358254807-null-r1s2v~ml0x4lwu~h9-null-null&eid=r1s2v-ml0x4lwu-h9&otpToken=MTYwMDFhZTMxMDI4Y2VjZGJlMmYwMmVjNGYxOWUwYmQ4OWM2ZDE0Nzk4YWE4NTZmNzNjMjA5NjY0ZjU5NWRmM2ZjYTk5NTllMTFiNGVmZGI0NDdjYTUwYzE2NTQ4YTE1Mzc2ODBjOTkwZDI0Mzg5MmE1LDEsMQ%3D%3D',1,57,93),(93,'2026-02-05 11:26:43.189920','2026-02-05 11:26:43.189920','2026-02-05',NULL,'to test application','oowlishApp_1','none','APPLIED','none',1,79,96),(102,'2026-02-10 13:10:46.000000','2026-02-10 13:10:46.000000','2024-11-01',NULL,'Applied for backend role via referral.','TN-2024-001','https://jobs.technova.example/123','APPLIED','https://technova.example.com/careers',2,81,97),(103,'2026-02-10 13:10:46.000000','2026-02-10 13:10:46.000000','2024-10-20',NULL,'Frontend position, portfolio attached.','AC-2024-045','https://jobs.acme.example/45','INTERVIEW_SCHEDULED','https://acme.example.com/careers',3,80,98),(104,'2026-02-10 13:10:46.000000','2026-02-10 13:10:46.000000','2024-09-15',NULL,'Product manager with payments experience.','FE-2024-007','https://jobs.finedge.example/7','OFFERED',NULL,4,82,99),(105,'2026-02-10 13:10:46.000000','2026-02-10 13:10:46.000000','2024-11-05',NULL,'Second backend application.','TN-2024-002','https://jobs.technova.example/124','INTERVIEWED',NULL,2,81,97),(106,'2026-02-10 13:10:46.000000','2026-02-10 13:10:46.000000','2024-10-01',NULL,'Data pipeline role.','DW-2024-010','https://jobs.datawave.example/10','INTERVIEW_SCHEDULED','https://datawave.example.com/careers',7,83,100),(107,'2026-02-10 13:10:46.000000','2026-02-10 13:10:46.000000','2024-09-20',NULL,'DevOps role with Kubernetes experience.','CF-2024-005','https://jobs.cloudforge.example/5','INTERVIEWED','https://cloudforge.example.com/careers',5,84,101),(108,'2026-02-10 13:10:46.000000','2026-02-10 13:18:52.902232','2024-11-02',NULL,'Fullstack role, strong JS background.','GS-2024-002','https://jobs.greensoft.example/2','INTERVIEW_SCHEDULED',NULL,6,85,102);
/*!40000 ALTER TABLE `job_application` ENABLE KEYS */;
UNLOCK TABLES;

--
-- Table structure for table `job_offer`
--

DROP TABLE IF EXISTS `job_offer`;
/*!40101 SET @saved_cs_client     = @@character_set_client */;
/*!50503 SET character_set_client = utf8mb4 */;
CREATE TABLE `job_offer` (
  `id` bigint NOT NULL AUTO_INCREMENT,
  `created_at` datetime(6) DEFAULT NULL,
  `updated_at` datetime(6) DEFAULT NULL,
  `expected_salary` double DEFAULT NULL,
  `offered_at` date NOT NULL,
  `offered_salary` double DEFAULT NULL,
  `status` enum('ACCEPTED','PENDING','REJECTED') NOT NULL,
  `application_id` bigint NOT NULL,
  PRIMARY KEY (`id`),
  KEY `FK22s9p36rqaqowmn2ohrcskom` (`application_id`),
  CONSTRAINT `FK22s9p36rqaqowmn2ohrcskom` FOREIGN KEY (`application_id`) REFERENCES `job_application` (`id`)
) ENGINE=InnoDB AUTO_INCREMENT=110 DEFAULT CHARSET=utf8mb4 COLLATE=utf8mb4_0900_ai_ci;
/*!40101 SET character_set_client = @saved_cs_client */;

--
-- Dumping data for table `job_offer`
--

LOCK TABLES `job_offer` WRITE;
/*!40000 ALTER TABLE `job_offer` DISABLE KEYS */;
INSERT INTO `job_offer` VALUES (1,'2026-02-03 08:57:29.848756','2026-02-03 16:09:41.472327',0,'2025-04-08',0,'REJECTED',1),(2,'2026-02-03 08:57:29.910559','2026-02-03 09:03:16.350287',0,'2025-04-08',0,'REJECTED',2),(3,'2026-02-03 08:57:29.962169','2026-02-03 09:03:36.150244',0,'2025-05-08',0,'REJECTED',3),(4,'2026-02-03 08:57:30.042640','2026-02-03 16:09:41.536173',0,'2025-05-08',0,'REJECTED',4),(5,'2026-02-03 08:57:30.108128','2026-02-03 16:09:41.552520',0,'2025-06-08',0,'REJECTED',5),(6,'2026-02-03 08:57:30.169067','2026-02-03 16:09:41.562260',0,'2025-06-08',0,'REJECTED',6),(7,'2026-02-03 08:57:30.225826','2026-02-03 16:09:41.576652',0,'2026-06-08',0,'REJECTED',7),(9,'2026-02-03 08:57:30.337415','2026-02-03 09:22:53.432250',0,'2025-07-08',0,'REJECTED',9),(10,'2026-02-03 08:57:30.397446','2026-02-03 16:09:41.595854',0,'2025-07-08',0,'REJECTED',10),(11,'2026-02-03 08:57:30.449792','2026-02-03 16:09:41.605993',0,'2025-07-08',0,'REJECTED',11),(12,'2026-02-03 08:57:30.498506','2026-02-03 15:29:58.667871',0,'2025-07-08',0,'REJECTED',12),(13,'2026-02-03 08:57:30.542375','2026-02-03 09:28:00.061695',0,'2025-07-08',0,'REJECTED',13),(14,'2026-02-03 08:57:30.587501','2026-02-03 15:29:58.727777',0,'2025-07-08',0,'REJECTED',14),(15,'2026-02-03 08:57:30.644618','2026-02-03 16:09:41.616460',0,'2025-07-08',0,'REJECTED',15),(16,'2026-02-03 08:57:30.696518','2026-02-03 15:29:58.745402',0,'2025-07-08',0,'REJECTED',16),(17,'2026-02-03 08:57:30.737888','2026-02-03 16:09:41.623995',0,'2025-07-08',0,'REJECTED',17),(18,'2026-02-03 08:57:30.780604','2026-02-03 15:29:58.756767',0,'2025-09-08',0,'REJECTED',18),(19,'2026-02-03 08:57:30.828928','2026-02-03 15:29:58.769878',0,'2025-09-08',0,'REJECTED',19),(20,'2026-02-03 08:57:30.863325','2026-02-03 15:29:58.787569',0,'2025-08-13',0,'REJECTED',20),(21,'2026-02-03 08:57:30.897539','2026-02-03 15:29:58.799819',0,'2025-08-14',0,'REJECTED',21),(22,'2026-02-03 08:57:30.940545','2026-02-03 15:29:58.816640',0,'2025-08-14',0,'REJECTED',22),(23,'2026-02-03 08:57:30.987775','2026-02-03 15:29:58.828979',0,'2025-08-14',0,'REJECTED',23),(24,'2026-02-03 08:57:31.033048','2026-02-03 15:29:58.845270',0,'2025-08-14',0,'REJECTED',24),(25,'2026-02-03 08:57:31.077670','2026-02-03 15:29:58.861603',0,'2025-08-14',0,'REJECTED',25),(26,'2026-02-03 08:57:31.129426','2026-02-03 16:09:41.634153',0,'2025-08-16',0,'REJECTED',26),(27,'2026-02-03 08:57:31.169801','2026-02-03 15:29:58.885467',0,'2025-08-16',0,'REJECTED',27),(28,'2026-02-03 08:57:31.217915','2026-02-03 15:29:58.915909',0,'2025-08-17',0,'REJECTED',28),(29,'2026-02-03 08:57:31.261066','2026-02-03 16:09:41.642538',0,'2025-08-26',0,'REJECTED',29),(30,'2026-02-03 08:57:31.308442','2026-02-03 15:29:58.943738',0,'2025-08-26',0,'REJECTED',30),(31,'2026-02-03 08:57:31.351443','2026-02-03 16:09:41.652434',0,'2025-03-09',0,'REJECTED',31),(32,'2026-02-03 08:57:31.394548','2026-02-03 16:09:41.660932',0,'2025-03-09',0,'REJECTED',32),(33,'2026-02-03 08:57:31.445808','2026-02-03 15:29:58.956087',0,'2025-06-09',0,'REJECTED',33),(34,'2026-02-03 08:57:31.531393','2026-02-03 12:54:34.121124',0,'2025-06-09',0,'REJECTED',34),(35,'2026-02-03 08:57:31.608672','2026-02-03 16:09:41.668873',0,'2025-10-09',0,'REJECTED',35),(36,'2026-02-03 08:57:31.664112','2026-02-03 15:29:58.967940',0,'2025-10-09',0,'REJECTED',36),(37,'2026-02-03 08:57:31.720371','2026-02-03 15:29:58.980850',0,'2025-12-09',0,'REJECTED',37),(38,'2026-02-03 08:57:31.771799','2026-02-03 15:29:58.993735',0,'2025-12-09',0,'REJECTED',38),(39,'2026-02-03 08:57:31.819611','2026-02-03 15:29:59.008660',0,'2025-09-24',0,'REJECTED',39),(40,'2026-02-03 08:57:31.860127','2026-02-03 15:29:59.022568',0,'2025-09-24',0,'REJECTED',40),(41,'2026-02-03 08:57:31.900521','2026-02-03 15:29:59.035910',0,'2025-04-10',0,'REJECTED',41),(42,'2026-02-03 08:57:32.029861','2026-02-03 15:29:59.051854',0,'2025-12-08',0,'REJECTED',42),(43,'2026-02-03 08:57:32.066418','2026-02-03 15:29:59.067821',0,'2025-12-08',0,'REJECTED',43),(44,'2026-02-03 08:57:32.110803','2026-02-03 15:29:59.083563',0,'2025-12-08',0,'REJECTED',44),(45,'2026-02-03 08:57:32.145868','2026-02-03 16:09:41.677523',0,'2025-12-10',0,'REJECTED',45),(46,'2026-02-03 08:57:32.186081','2026-02-03 16:09:41.700137',0,'2025-12-10',0,'REJECTED',46),(47,'2026-02-03 08:57:32.282374','2026-02-03 16:09:41.709579',0,'2025-12-10',0,'REJECTED',47),(48,'2026-02-03 08:57:32.311777','2026-02-03 16:09:41.718428',0,'2025-12-10',0,'REJECTED',48),(49,'2026-02-03 08:57:32.343490','2026-02-03 15:29:59.099520',0,'2025-12-10',0,'REJECTED',49),(50,'2026-02-03 08:57:32.382610','2026-02-03 16:09:41.728789',0,'2025-12-10',0,'REJECTED',50),(51,'2026-02-03 08:57:32.417140','2026-02-03 15:29:59.116573',0,'2025-10-13',0,'REJECTED',51),(52,'2026-02-03 08:57:32.467096','2026-02-03 15:29:59.134750',0,'2025-12-19',0,'REJECTED',52),(53,'2026-02-03 08:57:32.522647','2026-02-03 15:29:59.154493',0,'2025-12-20',0,'REJECTED',53),(54,'2026-02-03 08:57:32.552701','2026-02-03 15:29:59.171072',0,'2025-12-20',0,'REJECTED',54),(55,'2026-02-03 08:57:32.582758','2026-02-03 15:29:59.187370',0,'2025-12-20',0,'REJECTED',55),(56,'2026-02-03 08:57:32.618183','2026-02-03 15:29:59.203905',0,'2025-12-20',0,'REJECTED',56),(57,'2026-02-03 08:57:32.651690','2026-02-03 15:29:59.215738',0,'2025-12-22',0,'REJECTED',57),(58,'2026-02-03 08:57:32.685088','2026-02-03 15:29:59.227998',0,'2025-12-23',0,'REJECTED',58),(59,'2026-02-03 08:57:32.710304','2026-02-03 15:29:59.241782',0,'2025-12-23',0,'REJECTED',59),(60,'2026-02-03 08:57:32.742406','2026-02-03 15:29:59.253053',0,'2025-12-23',0,'REJECTED',60),(61,'2026-02-03 08:57:32.776386','2026-02-03 15:29:59.264090',0,'2025-12-23',0,'REJECTED',61),(62,'2026-02-03 08:57:32.810778','2026-02-03 15:29:59.273364',0,'2025-12-25',0,'REJECTED',62),(63,'2026-02-03 08:57:32.845265','2026-02-03 15:29:59.282228',0,'2025-12-26',0,'REJECTED',63),(64,'2026-02-03 08:57:32.876649','2026-02-03 15:29:59.289352',0,'2025-12-26',0,'REJECTED',64),(65,'2026-02-03 08:57:32.912698','2026-02-03 15:29:59.300874',0,'2025-12-26',0,'REJECTED',65),(66,'2026-02-03 08:57:32.948072','2026-02-03 15:29:59.311882',0,'2025-12-26',0,'REJECTED',66),(67,'2026-02-03 08:57:32.973467','2026-02-03 15:29:59.323318',0,'2025-12-26',0,'REJECTED',67),(68,'2026-02-03 08:57:32.995560','2026-02-03 15:29:59.329171',0,'2025-12-26',0,'REJECTED',68),(69,'2026-02-03 08:57:33.027697','2026-02-03 15:29:59.336993',0,'2025-12-26',0,'REJECTED',69),(70,'2026-02-03 08:57:33.059277','2026-02-03 15:29:59.350171',0,'2025-12-28',0,'REJECTED',70),(71,'2026-02-03 08:57:33.091546','2026-02-03 15:29:59.361056',0,'2025-12-28',0,'REJECTED',71),(72,'2026-02-03 08:57:33.121852','2026-02-03 16:09:41.736477',0,'2025-12-28',0,'REJECTED',72),(73,'2026-02-03 08:57:33.150348','2026-02-03 15:29:59.371517',0,'2025-12-28',0,'REJECTED',73),(74,'2026-02-03 08:57:33.182725','2026-02-03 16:09:41.745069',0,'2025-12-28',0,'REJECTED',74),(75,'2026-02-03 08:57:33.207225','2026-02-03 16:09:41.752889',0,'2025-12-28',0,'REJECTED',75),(76,'2026-02-03 08:57:33.240490','2026-02-03 15:29:59.379964',0,'2025-12-28',0,'REJECTED',76),(77,'2026-02-03 08:57:33.269575','2026-02-03 15:29:59.392451',0,'2025-12-30',0,'REJECTED',77),(78,'2026-02-03 08:57:33.301545','2026-02-03 15:29:59.400523',0,'2025-12-30',0,'REJECTED',78),(79,'2026-02-03 08:57:33.334680','2026-02-03 15:29:59.409491',0,'2025-12-31',0,'REJECTED',79),(80,'2026-02-03 08:57:33.367377','2026-02-03 08:57:33.367377',0,'2026-01-27',0,'PENDING',80),(81,'2026-02-03 08:57:33.463566','2026-02-03 08:57:33.463566',0,'2026-01-27',0,'PENDING',81),(82,'2026-02-03 08:57:33.497421','2026-02-03 08:57:33.497421',0,'2026-01-27',0,'PENDING',82),(83,'2026-02-03 08:57:33.526399','2026-02-03 16:09:41.760475',5000,'2026-01-29',0,'REJECTED',83),(84,'2026-02-03 08:57:33.570035','2026-02-03 16:09:41.768862',5000,'2026-01-29',0,'REJECTED',84),(85,'2026-02-03 08:57:33.602620','2026-02-03 16:09:41.776137',5000,'2026-01-29',0,'REJECTED',85),(86,'2026-02-03 08:57:33.634785','2026-02-03 08:57:33.634785',0,'2026-01-29',0,'PENDING',86),(87,'2026-02-03 08:57:33.668118','2026-02-03 08:57:33.668118',0,'2026-01-30',0,'PENDING',87),(88,'2026-02-03 08:57:33.700928','2026-02-03 08:57:33.700928',0,'2026-01-30',0,'PENDING',88),(89,'2026-02-03 08:57:33.735137','2026-02-03 08:57:33.735137',0,'2026-01-30',0,'PENDING',89),(90,'2026-02-03 08:57:33.768862','2026-02-03 08:57:33.768862',0,'2026-01-30',0,'PENDING',90),(91,'2026-02-03 08:57:33.793968','2026-02-03 08:57:33.793968',0,'2026-01-30',0,'PENDING',91),(92,'2026-02-03 08:57:33.816561','2026-02-03 16:09:41.788734',0,'2026-01-30',0,'REJECTED',92),(95,'2026-02-05 11:31:58.766247','2026-02-05 11:32:10.892752',4500,'2026-02-04',0,'PENDING',93),(96,'2026-02-05 13:02:52.318817','2026-02-05 13:03:05.534710',4550,'2026-02-02',0,'PENDING',93),(97,'2026-02-10 13:10:46.000000','2026-02-10 13:10:46.000000',90000,'2024-11-25',0,'PENDING',104),(98,'2026-02-10 13:10:46.000000','2026-02-10 13:10:46.000000',70000,'2024-11-18',75000,'ACCEPTED',102),(99,'2026-02-10 13:10:46.000000','2026-02-10 13:10:46.000000',85000,'2024-11-30',0,'PENDING',107),(100,'2026-02-10 13:15:39.000000','2026-02-10 13:15:39.000000',62078.39,'2024-11-12',0,'PENDING',108),(101,'2026-02-10 13:15:39.000000','2026-02-10 13:18:52.877806',89090.63,'2024-11-13',84692.95,'PENDING',108),(102,'2026-02-10 13:15:39.000000','2026-02-10 13:15:39.000000',69881,'2024-11-14',0,'REJECTED',21),(103,'2026-02-10 13:15:39.000000','2026-02-10 13:15:39.000000',76187.76,'2024-11-15',0,'PENDING',15),(104,'2026-02-10 13:15:39.000000','2026-02-10 13:15:39.000000',92677.84,'2024-11-16',88907.63,'ACCEPTED',74),(105,'2026-02-10 13:15:40.000000','2026-02-10 13:15:40.000000',64233.89,'2024-11-18',0,'PENDING',39),(106,'2026-02-10 13:15:40.000000','2026-02-10 13:15:40.000000',72615.18,'2024-11-20',0,'REJECTED',67),(107,'2026-02-10 13:15:40.000000','2026-02-10 13:15:40.000000',82673.45,'2024-11-22',74034.52,'ACCEPTED',78),(108,'2026-02-10 13:15:40.000000','2026-02-10 13:15:40.000000',92148.33,'2024-11-24',0,'PENDING',58),(109,'2026-02-10 13:15:40.000000','2026-02-10 13:15:40.000000',89088.78,'2024-11-26',69214.41,'ACCEPTED',85);
/*!40000 ALTER TABLE `job_offer` ENABLE KEYS */;
UNLOCK TABLES;

--
-- Table structure for table `position`
--

DROP TABLE IF EXISTS `position`;
/*!40101 SET @saved_cs_client     = @@character_set_client */;
/*!50503 SET character_set_client = utf8mb4 */;
CREATE TABLE `position` (
  `id` bigint NOT NULL AUTO_INCREMENT,
  `created_at` datetime(6) DEFAULT NULL,
  `updated_at` datetime(6) DEFAULT NULL,
  `description` varchar(2000) DEFAULT NULL,
  `location` varchar(255) DEFAULT NULL,
  `title` varchar(255) NOT NULL,
  `company_id` bigint NOT NULL,
  PRIMARY KEY (`id`),
  KEY `FKkpqfp6ontwcnqpkrfwv02iw1y` (`company_id`),
  CONSTRAINT `FKkpqfp6ontwcnqpkrfwv02iw1y` FOREIGN KEY (`company_id`) REFERENCES `company` (`id`)
) ENGINE=InnoDB AUTO_INCREMENT=105 DEFAULT CHARSET=utf8mb4 COLLATE=utf8mb4_0900_ai_ci;
/*!40101 SET character_set_client = @saved_cs_client */;

--
-- Dumping data for table `position`
--

LOCK TABLES `position` WRITE;
/*!40000 ALTER TABLE `position` DISABLE KEYS */;
INSERT INTO `position` VALUES (1,'2026-02-03 08:57:29.808977','2026-02-03 08:57:29.808977','We are looking for a skilled Senior Java Engineer with a strong background in Java, Microservices, and team leadership to drive our projects forward. Ready to take the next step in your career? Join us!','Remote','Imported Position',1),(2,'2026-02-03 08:57:29.895706','2026-02-03 08:57:29.895706','Java Engineer - Latin America - Remote','Remote','Imported Position',2),(3,'2026-02-03 08:57:29.944947','2026-02-03 08:57:29.944947','SSr Java Developer','Remote','Imported Position',3),(4,'2026-02-03 08:57:30.012845','2026-02-03 08:57:30.012845','Java Software Engineer','Remote','Imported Position',4),(5,'2026-02-03 08:57:30.085693','2026-02-03 08:57:30.085693','Senior Java Engineer','Remote','Imported Position',5),(6,'2026-02-03 08:57:30.151864','2026-02-03 08:57:30.151864','Senior Java Engineer','Remote','Imported Position',6),(7,'2026-02-03 08:57:30.208145','2026-02-03 08:57:30.208145','Senior Backend (Java & PHP) Engineer','Remote','Imported Position',7),(8,'2026-02-03 08:57:30.263669','2026-02-03 08:57:30.263669','Java Developer (SAP Commerce Cloud / Ecommerce)','Remote','Imported Position',8),(9,'2026-02-03 08:57:30.320265','2026-02-03 08:57:30.320265','Senior Java Backend Developer','Remote','Imported Position',9),(10,'2026-02-03 08:57:30.380211','2026-02-03 08:57:30.380211','Team Lead Software Engineer (Java)','Remote','Imported Position',10),(11,'2026-02-03 08:57:30.434042','2026-02-03 08:57:30.434042','Sr Software Engineer Backend','Remote','Imported Position',11),(12,'2026-02-03 08:57:30.484970','2026-02-03 08:57:30.484970','MADIFF Polska','Remote','Imported Position',12),(13,'2026-02-03 08:57:30.527900','2026-02-03 08:57:30.527900','Senior Software Engineer - Trust & Safety','Remote','Imported Position',13),(14,'2026-02-03 08:57:30.572972','2026-02-03 08:57:30.572972','Senior Software Engineer - Tier I','Remote','Imported Position',14),(15,'2026-02-03 08:57:30.622879','2026-02-03 08:57:30.622879','Sr. Java Developer','Remote','Imported Position',15),(16,'2026-02-03 08:57:30.682816','2026-02-03 08:57:30.682816','Desarrolador Backend Semi Senior','Remote','Imported Position',16),(17,'2026-02-03 08:57:30.724629','2026-02-03 08:57:30.724629','Senior Backend Developer','Remote','Imported Position',17),(18,'2026-02-03 08:57:30.765532','2026-02-03 08:57:30.765532','Magento Developer Argentina remotly','Remote','Imported Position',18),(19,'2026-02-03 08:57:30.810001','2026-02-03 08:57:30.810001','Java Backend Developer','Remote','Imported Position',19),(20,'2026-02-03 08:57:30.848409','2026-02-03 08:57:30.848409','Go Land position','Remote','Imported Position',12),(21,'2026-02-03 08:57:30.884333','2026-02-03 08:57:30.884333','Ingeniero de Software','Remote','Imported Position',12),(22,'2026-02-03 08:57:30.924961','2026-02-03 08:57:30.924961','Hybris','Remote','Imported Position',12),(23,'2026-02-03 08:57:30.973445','2026-02-03 08:57:30.973445','Senior Bacend Engineer','Remote','Imported Position',20),(24,'2026-02-03 08:57:31.019605','2026-02-03 08:57:31.019605','Senior Java Developer','Remote','Imported Position',21),(25,'2026-02-03 08:57:31.059435','2026-02-03 08:57:31.059435','Senior Java Engineer','Remote','Imported Position',12),(26,'2026-02-03 08:57:31.114989','2026-02-03 08:57:31.114989','Senior Backend Developer','Remote','Imported Position',22),(27,'2026-02-03 08:57:31.156330','2026-02-03 08:57:31.156330','Java Backend Developer Senior (Full-Remoto)','Remote','Imported Position',23),(28,'2026-02-03 08:57:31.200880','2026-02-03 08:57:31.200880','Senior Java Developer','Remote','Imported Position',24),(29,'2026-02-03 08:57:31.248298','2026-02-03 08:57:31.248298','Software Engineer Sr. (Java) Coderio · Cordoba (Remot','Remote','Imported Position',25),(30,'2026-02-03 08:57:31.290869','2026-02-03 08:57:31.290869','Senior Java Engineer','Remote','Imported Position',26),(31,'2026-02-03 08:57:31.336668','2026-02-03 08:57:31.336668','Desarrolador Java','Remote','Imported Position',27),(32,'2026-02-03 08:57:31.381830','2026-02-03 08:57:31.381830','Java Software Engineer','Remote','Imported Position',28),(33,'2026-02-03 08:57:31.424731','2026-02-03 08:57:31.424731','Backend dev java senior','Remote','Imported Position',29),(34,'2026-02-03 08:57:31.509916','2026-02-03 08:57:31.509916','Sap hybris eccomerce','Remote','Imported Position',30),(35,'2026-02-03 08:57:31.582466','2026-02-03 08:57:31.582466','Sr Software Engineer Backend','Remote','Imported Position',31),(36,'2026-02-03 08:57:31.649546','2026-02-03 08:57:31.649546','Java Developer Senior','Remote','Imported Position',32),(37,'2026-02-03 08:57:31.704292','2026-02-03 08:57:31.704292','Sr Java Backend','Remote','Imported Position',33),(38,'2026-02-03 08:57:31.756150','2026-02-03 08:57:31.756150','Desarrollo Java Argentina','Remote','Imported Position',34),(39,'2026-02-03 08:57:31.803052','2026-02-03 08:57:31.803052','Sr Java Backend','Remote','Imported Position',35),(40,'2026-02-03 08:57:31.847132','2026-02-03 08:57:31.847132','Senior Java Backend Engineer Altimetr','Remote','Imported Position',36),(41,'2026-02-03 08:57:31.886203','2026-02-03 08:57:31.886203','Java Developer','Remote','Imported Position',37),(42,'2026-02-03 08:57:31.923053','2026-02-03 08:57:31.923053','','Remote','Imported Position',12),(43,'2026-02-03 08:57:32.017524','2026-02-03 08:57:32.017524','','Remote','Imported Position',38),(44,'2026-02-03 08:57:32.053026','2026-02-03 08:57:32.053026','Tech lead - Java','Remote','Imported Position',1),(45,'2026-02-03 08:57:32.098172','2026-02-03 08:57:32.098172','FullStack','Remote','Imported Position',39),(46,'2026-02-03 08:57:32.134118','2026-02-03 08:57:32.134118','SAP commerce Cloud','Remote','Imported Position',40),(47,'2026-02-03 08:57:32.170136','2026-02-03 08:57:32.170136','SAP commerce Cloud','Remote','Imported Position',41),(48,'2026-02-03 08:57:32.271505','2026-02-03 08:57:32.271505','SAP commerce Cloud','Remote','Imported Position',41),(49,'2026-02-03 08:57:32.300166','2026-02-03 08:57:32.300166','SAP commerce Cloud','Remote','Imported Position',41),(50,'2026-02-03 08:57:32.333236','2026-02-03 08:57:32.333236','Backend','Remote','Imported Position',42),(51,'2026-02-03 08:57:32.372037','2026-02-03 08:57:32.372037','Java Backend','Remote','Imported Position',43),(52,'2026-02-03 08:57:32.407600','2026-02-03 08:57:32.407600','Java Backend','Remote','Imported Position',44),(53,'2026-02-03 08:57:32.445448','2026-02-03 08:57:32.445448','Java Spring boot','Remote','Imported Position',45),(54,'2026-02-03 08:57:32.510328','2026-02-03 08:57:32.510328','Java Developer','Remote','Imported Position',46),(55,'2026-02-03 08:57:32.543802','2026-02-03 08:57:32.543802','Java Developer','Remote','Imported Position',47),(56,'2026-02-03 08:57:32.573273','2026-02-03 08:57:32.573273','Java Developer','Remote','Imported Position',48),(57,'2026-02-03 08:57:32.606896','2026-02-03 08:57:32.606896','SAP commerce Cloud','Remote','Imported Position',49),(58,'2026-02-03 08:57:32.639710','2026-02-03 08:57:32.639710','avenga.careers@avenga.teamtailor-mail.com','Remote','Imported Position',50),(59,'2026-02-03 08:57:32.675098','2026-02-03 08:57:32.675098','Senior Java Developer','Remote','Imported Position',51),(60,'2026-02-03 08:57:32.699153','2026-02-03 08:57:32.699153','Java Developer','Remote','Imported Position',5),(61,'2026-02-03 08:57:32.731776','2026-02-03 08:57:32.731776','Java DEveloper','Remote','Imported Position',52),(62,'2026-02-03 08:57:32.765035','2026-02-03 08:57:32.765035','Java','Remote','Imported Position',53),(63,'2026-02-03 08:57:32.799150','2026-02-03 08:57:32.799150','Java','Remote','Imported Position',54),(64,'2026-02-03 08:57:32.833893','2026-02-03 08:57:32.833893','Senior Software Engineer - Java Microservices','Remote','Imported Position',55),(65,'2026-02-03 08:57:32.866285','2026-02-03 08:57:32.866285','Senior Java Backend Developer with AWS','Remote','Imported Position',56),(66,'2026-02-03 08:57:32.901824','2026-02-03 08:57:32.901824','Senior Java Developer','Remote','Imported Position',57),(67,'2026-02-03 08:57:32.935450','2026-02-03 08:57:32.935450','Staff Backend Engineer','Remote','Imported Position',58),(68,'2026-02-03 08:57:32.963502','2026-02-03 08:57:32.963502','','Remote','Imported Position',12),(69,'2026-02-03 08:57:32.986073','2026-02-03 08:57:32.986073','','Remote','Imported Position',12),(70,'2026-02-03 08:57:33.018719','2026-02-03 08:57:33.018719','Back End Developer','Remote','Imported Position',59),(71,'2026-02-03 08:57:33.049658','2026-02-03 08:57:33.049658','SAP Hybris Architect','Remote','Imported Position',60),(72,'2026-02-03 08:57:33.080728','2026-02-03 08:57:33.080728','SAP Commerce Architec','Remote','Imported Position',61),(73,'2026-02-03 08:57:33.113358','2026-02-03 08:57:33.113358','Java System Engineerin','Remote','Imported Position',62),(74,'2026-02-03 08:57:33.141762','2026-02-03 08:57:33.141762','Java Software Engineering','Remote','Imported Position',63),(75,'2026-02-03 08:57:33.173204','2026-02-03 08:57:33.173204','SAP Commerce Cloud Development','Remote','Imported Position',64),(76,'2026-02-03 08:57:33.197236','2026-02-03 08:57:33.197236','SAP Hybris Architect','Remote','Imported Position',60),(77,'2026-02-03 08:57:33.230530','2026-02-03 08:57:33.230530','Java Solution Arquitect','Remote','Imported Position',65),(78,'2026-02-03 08:57:33.261272','2026-02-03 08:57:33.261272','SR Java','Remote','Imported Position',66),(79,'2026-02-03 08:57:33.292602','2026-02-03 08:57:33.292602','Java Software Engineering','Remote','Imported Position',67),(80,'2026-02-03 08:57:33.324365','2026-02-03 08:57:33.324365','Principal Engineer (Java)','Remote','Imported Position',68),(81,'2026-02-03 08:57:33.357525','2026-02-03 08:57:33.357525','Sr Staff Software Engineer_Jav','Remote','Imported Position',69),(82,'2026-02-03 08:57:33.389723','2026-02-03 08:57:33.389723','Lead Java Backend Engineer\n Applied on Jan 14','Remote','Imported Position',70),(83,'2026-02-03 08:57:33.487082','2026-02-03 08:57:33.487082','Java Software Engineering','Remote','Imported Position',71),(84,'2026-02-03 08:57:33.515748','2026-02-03 08:57:33.515748','Sr. Software Engineer - Java','Remote','Imported Position',25),(85,'2026-02-03 08:57:33.560915','2026-02-03 08:57:33.560915','Senior Java Develope','Remote','Imported Position',72),(86,'2026-02-03 08:57:33.592663','2026-02-03 08:57:33.592663','Java Engenneing','Remote','Imported Position',73),(87,'2026-02-03 08:57:33.625136','2026-02-03 08:57:33.625136','Java Backend','Remote','Imported Position',74),(88,'2026-02-03 08:57:33.656966','2026-02-03 08:57:33.656966','Java Backend','Remote','Imported Position',75),(89,'2026-02-03 08:57:33.689473','2026-02-03 08:57:33.689473','Java Backend','Remote','Imported Position',76),(90,'2026-02-03 08:57:33.724776','2026-02-03 08:57:33.724776','Java Backend','Remote','Imported Position',77),(91,'2026-02-03 08:57:33.759283','2026-02-03 08:57:33.759283','Java Backend','Remote','Imported Position',78),(92,'2026-02-03 08:57:33.781837','2026-02-03 08:57:33.781837','Backend','Remote','Imported Position',16),(93,'2026-02-03 08:57:33.807085','2026-02-03 08:57:33.807085','Backend','Remote','Imported Position',57),(94,'2026-02-03 08:57:33.830873','2026-02-03 08:57:33.830873','','Remote','Imported Position',12),(96,'2026-02-05 11:26:06.374866','2026-02-05 11:26:06.374866','to test position','Remote jobe','oowlishPosition',79),(97,'2026-02-10 13:10:46.000000','2026-02-10 13:10:46.000000','Work on microservices and APIs.','Remote','Backend Engineer',81),(98,'2026-02-10 13:10:46.000000','2026-02-10 13:10:46.000000','React + TypeScript SPA development.','Buenos Aires, AR','Frontend Engineer',80),(99,'2026-02-10 13:10:46.000000','2026-02-10 13:10:46.000000','Lead product for payments platform.','London, UK','Product Manager',82),(100,'2026-02-10 13:10:46.000000','2026-02-10 13:10:46.000000','ETL, pipelines and data modeling.','Remote','Data Engineer',83),(101,'2026-02-10 13:10:46.000000','2026-02-10 13:10:46.000000','CI/CD, infra as code.','Buenos Aires, AR','DevOps Engineer',84),(102,'2026-02-10 13:10:46.000000','2026-02-10 13:10:46.000000','Node + React, product features.','Remote','Fullstack Engineer',85),(103,'2026-02-10 13:10:46.000000','2026-02-10 13:10:46.000000','Integrations and checkout flows.','Remote','Ecommerce Engineer',86),(104,'2026-02-10 13:10:46.000000','2026-02-10 13:10:46.000000','iOS/Android apps.','Buenos Aires, AR','Mobile Engineer',87);
/*!40000 ALTER TABLE `position` ENABLE KEYS */;
UNLOCK TABLES;
/*!40103 SET TIME_ZONE=@OLD_TIME_ZONE */;

/*!40101 SET SQL_MODE=@OLD_SQL_MODE */;
/*!40014 SET FOREIGN_KEY_CHECKS=@OLD_FOREIGN_KEY_CHECKS */;
/*!40014 SET UNIQUE_CHECKS=@OLD_UNIQUE_CHECKS */;
/*!40101 SET CHARACTER_SET_CLIENT=@OLD_CHARACTER_SET_CLIENT */;
/*!40101 SET CHARACTER_SET_RESULTS=@OLD_CHARACTER_SET_RESULTS */;
/*!40101 SET COLLATION_CONNECTION=@OLD_COLLATION_CONNECTION */;
/*!40111 SET SQL_NOTES=@OLD_SQL_NOTES */;

-- Dump completed on 2026-02-23 10:09:06
